gs://dataset-creado-a-partir-de-imagenes/cris/crisgym_034.png,cris
gs://dataset-creado-a-partir-de-imagenes/cris/crisgym_020.png,cris
gs://dataset-creado-a-partir-de-imagenes/cris/crisgym_008.png,cris
gs://dataset-creado-a-partir-de-imagenes/cris/crisgym_009.png,cris
gs://dataset-creado-a-partir-de-imagenes/cris/crisgym_021.png,cris
gs://dataset-creado-a-partir-de-imagenes/cris/crisgym_035.png,cris
gs://dataset-creado-a-partir-de-imagenes/cris/crisgym_023.png,cris
gs://dataset-creado-a-partir-de-imagenes/cris/crisgym_037.png,cris
gs://dataset-creado-a-partir-de-imagenes/cris/crisgym_036.png,cris
gs://dataset-creado-a-partir-de-imagenes/cris/crisgym_022.png,cris
gs://dataset-creado-a-partir-de-imagenes/cris/crisgym_026.png,cris
gs://dataset-creado-a-partir-de-imagenes/cris/crisgym_032.png,cris
gs://dataset-creado-a-partir-de-imagenes/cris/.DS_Store,cris
gs://dataset-creado-a-partir-de-imagenes/cris/crisgym_033.png,cris
gs://dataset-creado-a-partir-de-imagenes/cris/crisgym_027.png,cris
gs://dataset-creado-a-partir-de-imagenes/cris/crisgym_019.png,cris
gs://dataset-creado-a-partir-de-imagenes/cris/crisgym_031.png,cris
gs://dataset-creado-a-partir-de-imagenes/cris/crisgym_025.png,cris
gs://dataset-creado-a-partir-de-imagenes/cris/crisgym_024.png,cris
gs://dataset-creado-a-partir-de-imagenes/cris/crisgym_030.png,cris
gs://dataset-creado-a-partir-de-imagenes/cris/crisgym_018.png,cris
gs://dataset-creado-a-partir-de-imagenes/cris/crisgym_080.png,cris
gs://dataset-creado-a-partir-de-imagenes/cris/crisgym_057.png,cris
gs://dataset-creado-a-partir-de-imagenes/cris/crisgym_043.png,cris
gs://dataset-creado-a-partir-de-imagenes/cris/crisgym_042.png,cris
gs://dataset-creado-a-partir-de-imagenes/cris/crisgym_056.png,cris
gs://dataset-creado-a-partir-de-imagenes/cris/crisgym_081.png,cris
gs://dataset-creado-a-partir-de-imagenes/cris/crisgym_083.png,cris
gs://dataset-creado-a-partir-de-imagenes/cris/crisgym_040.png,cris
gs://dataset-creado-a-partir-de-imagenes/cris/crisgym_054.png,cris
gs://dataset-creado-a-partir-de-imagenes/cris/crisgym_068.png,cris
gs://dataset-creado-a-partir-de-imagenes/cris/crisgym_069.png,cris
gs://dataset-creado-a-partir-de-imagenes/cris/crisgym_055.png,cris
gs://dataset-creado-a-partir-de-imagenes/cris/crisgym_041.png,cris
gs://dataset-creado-a-partir-de-imagenes/cris/crisgym_082.png,cris
gs://dataset-creado-a-partir-de-imagenes/cris/crisgym_086.png,cris
gs://dataset-creado-a-partir-de-imagenes/cris/crisgym_079.png,cris
gs://dataset-creado-a-partir-de-imagenes/cris/crisgym_045.png,cris
gs://dataset-creado-a-partir-de-imagenes/cris/crisgym_051.png,cris
gs://dataset-creado-a-partir-de-imagenes/cris/crisgym_050.png,cris
gs://dataset-creado-a-partir-de-imagenes/cris/crisgym_044.png,cris
gs://dataset-creado-a-partir-de-imagenes/cris/crisgym_078.png,cris
gs://dataset-creado-a-partir-de-imagenes/cris/crisgym_087.png,cris
gs://dataset-creado-a-partir-de-imagenes/cris/crisgym_085.png,cris
gs://dataset-creado-a-partir-de-imagenes/cris/crisgym_052.png,cris
gs://dataset-creado-a-partir-de-imagenes/cris/crisgym_046.png,cris
gs://dataset-creado-a-partir-de-imagenes/cris/crisgym_047.png,cris
gs://dataset-creado-a-partir-de-imagenes/cris/crisgym_053.png,cris
gs://dataset-creado-a-partir-de-imagenes/cris/crisgym_084.png,cris
gs://dataset-creado-a-partir-de-imagenes/cris/crisgym_090.png,cris
gs://dataset-creado-a-partir-de-imagenes/cris/crisgym_089.png,cris
gs://dataset-creado-a-partir-de-imagenes/cris/crisgym_076.png,cris
gs://dataset-creado-a-partir-de-imagenes/cris/crisgym_062.png,cris
gs://dataset-creado-a-partir-de-imagenes/cris/crisgym_063.png,cris
gs://dataset-creado-a-partir-de-imagenes/cris/crisgym_077.png,cris
gs://dataset-creado-a-partir-de-imagenes/cris/crisgym_088.png,cris
gs://dataset-creado-a-partir-de-imagenes/cris/crisgym_061.png,cris
gs://dataset-creado-a-partir-de-imagenes/cris/crisgym_075.png,cris
gs://dataset-creado-a-partir-de-imagenes/cris/crisgym_049.png,cris
gs://dataset-creado-a-partir-de-imagenes/cris/crisgym_048.png,cris
gs://dataset-creado-a-partir-de-imagenes/cris/crisgym_074.png,cris
gs://dataset-creado-a-partir-de-imagenes/cris/crisgym_060.png,cris
gs://dataset-creado-a-partir-de-imagenes/cris/crisgym_058.png,cris
gs://dataset-creado-a-partir-de-imagenes/cris/crisgym_064.png,cris
gs://dataset-creado-a-partir-de-imagenes/cris/crisgym_070.png,cris
gs://dataset-creado-a-partir-de-imagenes/cris/crisgym_071.png,cris
gs://dataset-creado-a-partir-de-imagenes/cris/crisgym_065.png,cris
gs://dataset-creado-a-partir-de-imagenes/cris/crisgym_059.png,cris
gs://dataset-creado-a-partir-de-imagenes/cris/crisgym_073.png,cris
gs://dataset-creado-a-partir-de-imagenes/cris/crisgym_067.png,cris
gs://dataset-creado-a-partir-de-imagenes/cris/IMG_6730 copy.mov,cris
gs://dataset-creado-a-partir-de-imagenes/cris/crisgym_066.png,cris
gs://dataset-creado-a-partir-de-imagenes/cris/crisgym_072.png,cris
gs://dataset-creado-a-partir-de-imagenes/cris/crisgym_015.png,cris
gs://dataset-creado-a-partir-de-imagenes/cris/crisgym_001.png,cris
gs://dataset-creado-a-partir-de-imagenes/cris/crisgym_029.png,cris
gs://dataset-creado-a-partir-de-imagenes/cris/crisgym_028.png,cris
gs://dataset-creado-a-partir-de-imagenes/cris/crisgym_014.png,cris
gs://dataset-creado-a-partir-de-imagenes/cris/crisgym_002.png,cris
gs://dataset-creado-a-partir-de-imagenes/cris/crisgym_016.png,cris
gs://dataset-creado-a-partir-de-imagenes/cris/crisgym_017.png,cris
gs://dataset-creado-a-partir-de-imagenes/cris/crisgym_003.png,cris
gs://dataset-creado-a-partir-de-imagenes/cris/crisgym_007.png,cris
gs://dataset-creado-a-partir-de-imagenes/cris/crisgym_013.png,cris
gs://dataset-creado-a-partir-de-imagenes/cris/crisgym_012.png,cris
gs://dataset-creado-a-partir-de-imagenes/cris/crisgym_006.png,cris
gs://dataset-creado-a-partir-de-imagenes/cris/crisgym_038.png,cris
gs://dataset-creado-a-partir-de-imagenes/cris/crisgym_010.png,cris
gs://dataset-creado-a-partir-de-imagenes/cris/crisgym_004.png,cris
gs://dataset-creado-a-partir-de-imagenes/cris/crisgym_005.png,cris
gs://dataset-creado-a-partir-de-imagenes/cris/crisgym_011.png,cris
gs://dataset-creado-a-partir-de-imagenes/cris/crisgym_039.png,cris
gs://dataset-creado-a-partir-de-imagenes/abuelita/abuela_072.png,abuelita
gs://dataset-creado-a-partir-de-imagenes/abuelita/abuela_066.png,abuelita
gs://dataset-creado-a-partir-de-imagenes/abuelita/abuela_067.png,abuelita
gs://dataset-creado-a-partir-de-imagenes/abuelita/abuela_073.png,abuelita
gs://dataset-creado-a-partir-de-imagenes/abuelita/abuelita.mp4,abuelita
gs://dataset-creado-a-partir-de-imagenes/abuelita/abuela_059.png,abuelita
gs://dataset-creado-a-partir-de-imagenes/abuelita/abuela_065.png,abuelita
gs://dataset-creado-a-partir-de-imagenes/abuelita/abuela_071.png,abuelita
gs://dataset-creado-a-partir-de-imagenes/abuelita/abuela_070.png,abuelita
gs://dataset-creado-a-partir-de-imagenes/abuelita/abuela_064.png,abuelita
gs://dataset-creado-a-partir-de-imagenes/abuelita/abuela_058.png,abuelita
gs://dataset-creado-a-partir-de-imagenes/abuelita/.DS_Store,abuelita
gs://dataset-creado-a-partir-de-imagenes/abuelita/abuela_060.png,abuelita
gs://dataset-creado-a-partir-de-imagenes/abuelita/abuela_074.png,abuelita
gs://dataset-creado-a-partir-de-imagenes/abuelita/abuela_048.png,abuelita
gs://dataset-creado-a-partir-de-imagenes/abuelita/abuela_049.png,abuelita
gs://dataset-creado-a-partir-de-imagenes/abuelita/abuela_075.png,abuelita
gs://dataset-creado-a-partir-de-imagenes/abuelita/abuela_061.png,abuelita
gs://dataset-creado-a-partir-de-imagenes/abuelita/abuela_088.png,abuelita
gs://dataset-creado-a-partir-de-imagenes/abuelita/abuela_077.png,abuelita
gs://dataset-creado-a-partir-de-imagenes/abuelita/abuela_063.png,abuelita
gs://dataset-creado-a-partir-de-imagenes/abuelita/abuela_062.png,abuelita
gs://dataset-creado-a-partir-de-imagenes/abuelita/abuela_076.png,abuelita
gs://dataset-creado-a-partir-de-imagenes/abuelita/abuela_089.png,abuelita
gs://dataset-creado-a-partir-de-imagenes/abuelita/abuela_039.png,abuelita
gs://dataset-creado-a-partir-de-imagenes/abuelita/abuela_011.png,abuelita
gs://dataset-creado-a-partir-de-imagenes/abuelita/abuela_005.png,abuelita
gs://dataset-creado-a-partir-de-imagenes/abuelita/abuela_004.png,abuelita
gs://dataset-creado-a-partir-de-imagenes/abuelita/abuela_010.png,abuelita
gs://dataset-creado-a-partir-de-imagenes/abuelita/abuela_038.png,abuelita
gs://dataset-creado-a-partir-de-imagenes/abuelita/abuela_006.png,abuelita
gs://dataset-creado-a-partir-de-imagenes/abuelita/abuela_012.png,abuelita
gs://dataset-creado-a-partir-de-imagenes/abuelita/abuela_013.png,abuelita
gs://dataset-creado-a-partir-de-imagenes/abuelita/abuela_007.png,abuelita
gs://dataset-creado-a-partir-de-imagenes/abuelita/abuela_003.png,abuelita
gs://dataset-creado-a-partir-de-imagenes/abuelita/abuela_017.png,abuelita
gs://dataset-creado-a-partir-de-imagenes/abuelita/abuela_016.png,abuelita
gs://dataset-creado-a-partir-de-imagenes/abuelita/abuela_002.png,abuelita
gs://dataset-creado-a-partir-de-imagenes/abuelita/abuela_014.png,abuelita
gs://dataset-creado-a-partir-de-imagenes/abuelita/abuela_028.png,abuelita
gs://dataset-creado-a-partir-de-imagenes/abuelita/abuela_029.png,abuelita
gs://dataset-creado-a-partir-de-imagenes/abuelita/abuela_001.png,abuelita
gs://dataset-creado-a-partir-de-imagenes/abuelita/abuela_015.png,abuelita
gs://dataset-creado-a-partir-de-imagenes/abuelita/abuela_018.png,abuelita
gs://dataset-creado-a-partir-de-imagenes/abuelita/abuela_030.png,abuelita
gs://dataset-creado-a-partir-de-imagenes/abuelita/abuela_024.png,abuelita
gs://dataset-creado-a-partir-de-imagenes/abuelita/abuela_025.png,abuelita
gs://dataset-creado-a-partir-de-imagenes/abuelita/abuela_031.png,abuelita
gs://dataset-creado-a-partir-de-imagenes/abuelita/abuela_019.png,abuelita
gs://dataset-creado-a-partir-de-imagenes/abuelita/abuela_027.png,abuelita
gs://dataset-creado-a-partir-de-imagenes/abuelita/abuela_033.png,abuelita
gs://dataset-creado-a-partir-de-imagenes/abuelita/abuela_032.png,abuelita
gs://dataset-creado-a-partir-de-imagenes/abuelita/abuela_026.png,abuelita
gs://dataset-creado-a-partir-de-imagenes/abuelita/abuela_022.png,abuelita
gs://dataset-creado-a-partir-de-imagenes/abuelita/abuela_036.png,abuelita
gs://dataset-creado-a-partir-de-imagenes/abuelita/abuela_037.png,abuelita
gs://dataset-creado-a-partir-de-imagenes/abuelita/abuela_023.png,abuelita
gs://dataset-creado-a-partir-de-imagenes/abuelita/abuela_035.png,abuelita
gs://dataset-creado-a-partir-de-imagenes/abuelita/abuela_021.png,abuelita
gs://dataset-creado-a-partir-de-imagenes/abuelita/abuela_009.png,abuelita
gs://dataset-creado-a-partir-de-imagenes/abuelita/abuela_008.png,abuelita
gs://dataset-creado-a-partir-de-imagenes/abuelita/abuela_020.png,abuelita
gs://dataset-creado-a-partir-de-imagenes/abuelita/abuela_034.png,abuelita
gs://dataset-creado-a-partir-de-imagenes/abuelita/abuela_090.png,abuelita
gs://dataset-creado-a-partir-de-imagenes/abuelita/abuela_084.png,abuelita
gs://dataset-creado-a-partir-de-imagenes/abuelita/abuela_053.png,abuelita
gs://dataset-creado-a-partir-de-imagenes/abuelita/abuela_047.png,abuelita
gs://dataset-creado-a-partir-de-imagenes/abuelita/abuela_046.png,abuelita
gs://dataset-creado-a-partir-de-imagenes/abuelita/abuela_052.png,abuelita
gs://dataset-creado-a-partir-de-imagenes/abuelita/abuela_085.png,abuelita
gs://dataset-creado-a-partir-de-imagenes/abuelita/abuela_087.png,abuelita
gs://dataset-creado-a-partir-de-imagenes/abuelita/abuela_078.png,abuelita
gs://dataset-creado-a-partir-de-imagenes/abuelita/abuela_044.png,abuelita
gs://dataset-creado-a-partir-de-imagenes/abuelita/abuela_050.png,abuelita
gs://dataset-creado-a-partir-de-imagenes/abuelita/abuela_051.png,abuelita
gs://dataset-creado-a-partir-de-imagenes/abuelita/abuela_045.png,abuelita
gs://dataset-creado-a-partir-de-imagenes/abuelita/abuela_079.png,abuelita
gs://dataset-creado-a-partir-de-imagenes/abuelita/abuela_086.png,abuelita
gs://dataset-creado-a-partir-de-imagenes/abuelita/abuela_082.png,abuelita
gs://dataset-creado-a-partir-de-imagenes/abuelita/abuela_041.png,abuelita
gs://dataset-creado-a-partir-de-imagenes/abuelita/abuela_055.png,abuelita
gs://dataset-creado-a-partir-de-imagenes/abuelita/abuela_069.png,abuelita
gs://dataset-creado-a-partir-de-imagenes/abuelita/abuela_068.png,abuelita
gs://dataset-creado-a-partir-de-imagenes/abuelita/abuela_054.png,abuelita
gs://dataset-creado-a-partir-de-imagenes/abuelita/abuela_040.png,abuelita
gs://dataset-creado-a-partir-de-imagenes/abuelita/abuela_083.png,abuelita
gs://dataset-creado-a-partir-de-imagenes/abuelita/abuela_081.png,abuelita
gs://dataset-creado-a-partir-de-imagenes/abuelita/abuela_056.png,abuelita
gs://dataset-creado-a-partir-de-imagenes/abuelita/abuela_042.png,abuelita
gs://dataset-creado-a-partir-de-imagenes/abuelita/abuela_043.png,abuelita
gs://dataset-creado-a-partir-de-imagenes/abuelita/abuela_057.png,abuelita
gs://dataset-creado-a-partir-de-imagenes/abuelita/abuela_080.png,abuelita
gs://dataset-creado-a-partir-de-imagenes/cris2/gymcris_947.jpeg,cris2
gs://dataset-creado-a-partir-de-imagenes/cris2/gymcris_044.jpeg,cris2
gs://dataset-creado-a-partir-de-imagenes/cris2/gymcris_414.jpeg,cris2
gs://dataset-creado-a-partir-de-imagenes/cris2/gymcris_101.jpeg,cris2
gs://dataset-creado-a-partir-de-imagenes/cris2/gymcris_551.jpeg,cris2
gs://dataset-creado-a-partir-de-imagenes/cris2/gymcris_802.jpeg,cris2
gs://dataset-creado-a-partir-de-imagenes/cris2/gymcris_678.jpeg,cris2
gs://dataset-creado-a-partir-de-imagenes/cris2/gymcris_382.jpeg,cris2
gs://dataset-creado-a-partir-de-imagenes/cris2/gymcris_228.jpeg,cris2
gs://dataset-creado-a-partir-de-imagenes/cris2/gymcris_1043.jpeg,cris2
gs://dataset-creado-a-partir-de-imagenes/cris2/gymcris_697.jpeg,cris2
gs://dataset-creado-a-partir-de-imagenes/cris2/gymcris_1106.jpeg,cris2
gs://dataset-creado-a-partir-de-imagenes/cris2/gymcris_443.jpeg,cris2
gs://dataset-creado-a-partir-de-imagenes/cris2/gymcris_013.jpeg,cris2
gs://dataset-creado-a-partir-de-imagenes/cris2/gymcris_910.jpeg,cris2
gs://dataset-creado-a-partir-de-imagenes/cris2/gymcris_855.jpeg,cris2
gs://dataset-creado-a-partir-de-imagenes/cris2/gymcris_506.jpeg,cris2
gs://dataset-creado-a-partir-de-imagenes/cris2/gymcris_156.jpeg,cris2
gs://dataset-creado-a-partir-de-imagenes/cris2/gymcris_785.jpeg,cris2
gs://dataset-creado-a-partir-de-imagenes/cris2/gymcris_1014.jpeg,cris2
gs://dataset-creado-a-partir-de-imagenes/cris2/gymcris_1151.jpeg,cris2
gs://dataset-creado-a-partir-de-imagenes/cris2/gymcris_290.jpeg,cris2
gs://dataset-creado-a-partir-de-imagenes/cris2/gymcris_906.jpeg,cris2
gs://dataset-creado-a-partir-de-imagenes/cris2/gymcris_005.jpeg,cris2
gs://dataset-creado-a-partir-de-imagenes/cris2/gymcris_455.jpeg,cris2
gs://dataset-creado-a-partir-de-imagenes/cris2/gymcris_140.jpeg,cris2
gs://dataset-creado-a-partir-de-imagenes/cris2/gymcris_510.jpeg,cris2
gs://dataset-creado-a-partir-de-imagenes/cris2/gymcris_843.jpeg,cris2
gs://dataset-creado-a-partir-de-imagenes/cris2/gymcris_639.jpeg,cris2
gs://dataset-creado-a-partir-de-imagenes/cris2/gymcris_1002.jpeg,cris2
gs://dataset-creado-a-partir-de-imagenes/cris2/gymcris_269.jpeg,cris2
gs://dataset-creado-a-partir-de-imagenes/cris2/gymcris_793.jpeg,cris2
gs://dataset-creado-a-partir-de-imagenes/cris2/gymcris_286.jpeg,cris2
gs://dataset-creado-a-partir-de-imagenes/cris2/gymcris_1147.jpeg,cris2
gs://dataset-creado-a-partir-de-imagenes/cris2/gymcris_402.jpeg,cris2
gs://dataset-creado-a-partir-de-imagenes/cris2/gymcris_052.jpeg,cris2
gs://dataset-creado-a-partir-de-imagenes/cris2/gymcris_951.jpeg,cris2
gs://dataset-creado-a-partir-de-imagenes/cris2/gymcris_814.jpeg,cris2
gs://dataset-creado-a-partir-de-imagenes/cris2/gymcris_547.jpeg,cris2
gs://dataset-creado-a-partir-de-imagenes/cris2/gymcris_117.jpeg,cris2
gs://dataset-creado-a-partir-de-imagenes/cris2/gymcris_1055.jpeg,cris2
gs://dataset-creado-a-partir-de-imagenes/cris2/gymcris_394.jpeg,cris2
gs://dataset-creado-a-partir-de-imagenes/cris2/gymcris_1110.jpeg,cris2
gs://dataset-creado-a-partir-de-imagenes/cris2/gymcris_681.jpeg,cris2
gs://dataset-creado-a-partir-de-imagenes/cris2/gymcris_496.jpeg,cris2
gs://dataset-creado-a-partir-de-imagenes/cris2/gymcris_479.jpeg,cris2
gs://dataset-creado-a-partir-de-imagenes/cris2/gymcris_183.jpeg,cris2
gs://dataset-creado-a-partir-de-imagenes/cris2/gymcris_029.jpeg,cris2
gs://dataset-creado-a-partir-de-imagenes/cris2/gymcris_880.jpeg,cris2
gs://dataset-creado-a-partir-de-imagenes/cris2/gymcris_300.jpeg,cris2
gs://dataset-creado-a-partir-de-imagenes/cris2/gymcris_750.jpeg,cris2
gs://dataset-creado-a-partir-de-imagenes/cris2/gymcris_245.jpeg,cris2
gs://dataset-creado-a-partir-de-imagenes/cris2/gymcris_1184.jpeg,cris2
gs://dataset-creado-a-partir-de-imagenes/cris2/gymcris_615.jpeg,cris2
gs://dataset-creado-a-partir-de-imagenes/cris2/gymcris_091.jpeg,cris2
gs://dataset-creado-a-partir-de-imagenes/cris2/gymcris_838.jpeg,cris2
gs://dataset-creado-a-partir-de-imagenes/cris2/gymcris_992.jpeg,cris2
gs://dataset-creado-a-partir-de-imagenes/cris2/gymcris_584.jpeg,cris2
gs://dataset-creado-a-partir-de-imagenes/cris2/gymcris_1096.jpeg,cris2
gs://dataset-creado-a-partir-de-imagenes/cris2/gymcris_707.jpeg,cris2
gs://dataset-creado-a-partir-de-imagenes/cris2/gymcris_357.jpeg,cris2
gs://dataset-creado-a-partir-de-imagenes/cris2/gymcris_642.jpeg,cris2
gs://dataset-creado-a-partir-de-imagenes/cris2/gymcris_1079.jpeg,cris2
gs://dataset-creado-a-partir-de-imagenes/cris2/gymcris_212.jpeg,cris2
gs://dataset-creado-a-partir-de-imagenes/cris2/gymcris_984.jpeg,cris2
gs://dataset-creado-a-partir-de-imagenes/cris2/gymcris_087.jpeg,cris2
gs://dataset-creado-a-partir-de-imagenes/cris2/gymcris_438.jpeg,cris2
gs://dataset-creado-a-partir-de-imagenes/cris2/gymcris_068.jpeg,cris2
gs://dataset-creado-a-partir-de-imagenes/cris2/gymcris_592.jpeg,cris2
gs://dataset-creado-a-partir-de-imagenes/cris2/gymcris_341.jpeg,cris2
gs://dataset-creado-a-partir-de-imagenes/cris2/gymcris_711.jpeg,cris2
gs://dataset-creado-a-partir-de-imagenes/cris2/gymcris_1080.jpeg,cris2
gs://dataset-creado-a-partir-de-imagenes/cris2/gymcris_204.jpeg,cris2
gs://dataset-creado-a-partir-de-imagenes/cris2/gymcris_654.jpeg,cris2
gs://dataset-creado-a-partir-de-imagenes/cris2/gymcris_480.jpeg,cris2
gs://dataset-creado-a-partir-de-imagenes/cris2/gymcris_879.jpeg,cris2
gs://dataset-creado-a-partir-de-imagenes/cris2/gymcris_896.jpeg,cris2
gs://dataset-creado-a-partir-de-imagenes/cris2/gymcris_195.jpeg,cris2
gs://dataset-creado-a-partir-de-imagenes/cris2/gymcris_746.jpeg,cris2
gs://dataset-creado-a-partir-de-imagenes/cris2/gymcris_316.jpeg,cris2
gs://dataset-creado-a-partir-de-imagenes/cris2/gymcris_603.jpeg,cris2
gs://dataset-creado-a-partir-de-imagenes/cris2/gymcris_1192.jpeg,cris2
gs://dataset-creado-a-partir-de-imagenes/cris2/gymcris_253.jpeg,cris2
gs://dataset-creado-a-partir-de-imagenes/cris2/gymcris_1038.jpeg,cris2
gs://dataset-creado-a-partir-de-imagenes/cris2/gymcris_224.jpeg,cris2
gs://dataset-creado-a-partir-de-imagenes/cris2/gymcris_674.jpeg,cris2
gs://dataset-creado-a-partir-de-imagenes/cris2/gymcris_361.jpeg,cris2
gs://dataset-creado-a-partir-de-imagenes/cris2/gymcris_731.jpeg,cris2
gs://dataset-creado-a-partir-de-imagenes/cris2/gymcris_418.jpeg,cris2
gs://dataset-creado-a-partir-de-imagenes/cris2/gymcris_048.jpeg,cris2
gs://dataset-creado-a-partir-de-imagenes/cris2/gymcris_623.jpeg,cris2
gs://dataset-creado-a-partir-de-imagenes/cris2/gymcris_273.jpeg,cris2
gs://dataset-creado-a-partir-de-imagenes/cris2/gymcris_1018.jpeg,cris2
gs://dataset-creado-a-partir-de-imagenes/cris2/gymcris_789.jpeg,cris2
gs://dataset-creado-a-partir-de-imagenes/cris2/gymcris_766.jpeg,cris2
gs://dataset-creado-a-partir-de-imagenes/cris2/gymcris_336.jpeg,cris2
gs://dataset-creado-a-partir-de-imagenes/cris2/gymcris_859.jpeg,cris2
gs://dataset-creado-a-partir-de-imagenes/cris2/gymcris_265.jpeg,cris2
gs://dataset-creado-a-partir-de-imagenes/cris2/gymcris_635.jpeg,cris2
gs://dataset-creado-a-partir-de-imagenes/cris2/gymcris_320.jpeg,cris2
gs://dataset-creado-a-partir-de-imagenes/cris2/gymcris_770.jpeg,cris2
gs://dataset-creado-a-partir-de-imagenes/cris2/gymcris_459.jpeg,cris2
gs://dataset-creado-a-partir-de-imagenes/cris2/gymcris_009.jpeg,cris2
gs://dataset-creado-a-partir-de-imagenes/cris2/gymcris_662.jpeg,cris2
gs://dataset-creado-a-partir-de-imagenes/cris2/gymcris_398.jpeg,cris2
gs://dataset-creado-a-partir-de-imagenes/cris2/gymcris_1059.jpeg,cris2
gs://dataset-creado-a-partir-de-imagenes/cris2/gymcris_232.jpeg,cris2
gs://dataset-creado-a-partir-de-imagenes/cris2/gymcris_727.jpeg,cris2
gs://dataset-creado-a-partir-de-imagenes/cris2/gymcris_377.jpeg,cris2
gs://dataset-creado-a-partir-de-imagenes/cris2/gymcris_818.jpeg,cris2
gs://dataset-creado-a-partir-de-imagenes/cris2/gymcris_1167.jpeg,cris2
gs://dataset-creado-a-partir-de-imagenes/cris2/gymcris_619.jpeg,cris2
gs://dataset-creado-a-partir-de-imagenes/cris2/gymcris_1188.jpeg,cris2
gs://dataset-creado-a-partir-de-imagenes/cris2/gymcris_1022.jpeg,cris2
gs://dataset-creado-a-partir-de-imagenes/cris2/gymcris_249.jpeg,cris2
gs://dataset-creado-a-partir-de-imagenes/cris2/gymcris_160.jpeg,cris2
gs://dataset-creado-a-partir-de-imagenes/cris2/gymcris_530.jpeg,cris2
gs://dataset-creado-a-partir-de-imagenes/cris2/gymcris_863.jpeg,cris2
gs://dataset-creado-a-partir-de-imagenes/cris2/gymcris_926.jpeg,cris2
gs://dataset-creado-a-partir-de-imagenes/cris2/gymcris_025.jpeg,cris2
gs://dataset-creado-a-partir-de-imagenes/cris2/gymcris_475.jpeg,cris2
gs://dataset-creado-a-partir-de-imagenes/cris2/gymcris_1130.jpeg,cris2
gs://dataset-creado-a-partir-de-imagenes/cris2/gymcris_1075.jpeg,cris2
gs://dataset-creado-a-partir-de-imagenes/cris2/gymcris_834.jpeg,cris2
gs://dataset-creado-a-partir-de-imagenes/cris2/gymcris_567.jpeg,cris2
gs://dataset-creado-a-partir-de-imagenes/cris2/gymcris_137.jpeg,cris2
gs://dataset-creado-a-partir-de-imagenes/cris2/gymcris_422.jpeg,cris2
gs://dataset-creado-a-partir-de-imagenes/cris2/gymcris_072.jpeg,cris2
gs://dataset-creado-a-partir-de-imagenes/cris2/gymcris_588.jpeg,cris2
gs://dataset-creado-a-partir-de-imagenes/cris2/gymcris_971.jpeg,cris2
gs://dataset-creado-a-partir-de-imagenes/cris2/gymcris_1126.jpeg,cris2
gs://dataset-creado-a-partir-de-imagenes/cris2/gymcris_658.jpeg,cris2
gs://dataset-creado-a-partir-de-imagenes/cris2/gymcris_208.jpeg,cris2
gs://dataset-creado-a-partir-de-imagenes/cris2/gymcris_1063.jpeg,cris2
gs://dataset-creado-a-partir-de-imagenes/cris2/gymcris_121.jpeg,cris2
gs://dataset-creado-a-partir-de-imagenes/cris2/gymcris_571.jpeg,cris2
gs://dataset-creado-a-partir-de-imagenes/cris2/gymcris_822.jpeg,cris2
gs://dataset-creado-a-partir-de-imagenes/cris2/gymcris_988.jpeg,cris2
gs://dataset-creado-a-partir-de-imagenes/cris2/gymcris_967.jpeg,cris2
gs://dataset-creado-a-partir-de-imagenes/cris2/gymcris_064.jpeg,cris2
gs://dataset-creado-a-partir-de-imagenes/cris2/gymcris_434.jpeg,cris2
gs://dataset-creado-a-partir-de-imagenes/cris2/gymcris_1171.jpeg,cris2
gs://dataset-creado-a-partir-de-imagenes/cris2/gymcris_1034.jpeg,cris2
gs://dataset-creado-a-partir-de-imagenes/cris2/gymcris_875.jpeg,cris2
gs://dataset-creado-a-partir-de-imagenes/cris2/gymcris_526.jpeg,cris2
gs://dataset-creado-a-partir-de-imagenes/cris2/gymcris_176.jpeg,cris2
gs://dataset-creado-a-partir-de-imagenes/cris2/gymcris_463.jpeg,cris2
gs://dataset-creado-a-partir-de-imagenes/cris2/gymcris_199.jpeg,cris2
gs://dataset-creado-a-partir-de-imagenes/cris2/gymcris_033.jpeg,cris2
gs://dataset-creado-a-partir-de-imagenes/cris2/gymcris_930.jpeg,cris2
gs://dataset-creado-a-partir-de-imagenes/cris2/gymcris_874.jpeg,cris2
gs://dataset-creado-a-partir-de-imagenes/cris2/gymcris_527.jpeg,cris2
gs://dataset-creado-a-partir-de-imagenes/cris2/gymcris_177.jpeg,cris2
gs://dataset-creado-a-partir-de-imagenes/cris2/gymcris_462.jpeg,cris2
gs://dataset-creado-a-partir-de-imagenes/cris2/gymcris_198.jpeg,cris2
gs://dataset-creado-a-partir-de-imagenes/cris2/gymcris_032.jpeg,cris2
gs://dataset-creado-a-partir-de-imagenes/cris2/gymcris_931.jpeg,cris2
gs://dataset-creado-a-partir-de-imagenes/cris2/gymcris_1170.jpeg,cris2
gs://dataset-creado-a-partir-de-imagenes/cris2/gymcris_1035.jpeg,cris2
gs://dataset-creado-a-partir-de-imagenes/cris2/gymcris_120.jpeg,cris2
gs://dataset-creado-a-partir-de-imagenes/cris2/gymcris_570.jpeg,cris2
gs://dataset-creado-a-partir-de-imagenes/cris2/gymcris_823.jpeg,cris2
gs://dataset-creado-a-partir-de-imagenes/cris2/gymcris_989.jpeg,cris2
gs://dataset-creado-a-partir-de-imagenes/cris2/gymcris_966.jpeg,cris2
gs://dataset-creado-a-partir-de-imagenes/cris2/gymcris_065.jpeg,cris2
gs://dataset-creado-a-partir-de-imagenes/cris2/gymcris_435.jpeg,cris2
gs://dataset-creado-a-partir-de-imagenes/cris2/gymcris_1127.jpeg,cris2
gs://dataset-creado-a-partir-de-imagenes/cris2/gymcris_659.jpeg,cris2
gs://dataset-creado-a-partir-de-imagenes/cris2/gymcris_209.jpeg,cris2
gs://dataset-creado-a-partir-de-imagenes/cris2/gymcris_1062.jpeg,cris2
gs://dataset-creado-a-partir-de-imagenes/cris2/gymcris_835.jpeg,cris2
gs://dataset-creado-a-partir-de-imagenes/cris2/gymcris_566.jpeg,cris2
gs://dataset-creado-a-partir-de-imagenes/cris2/gymcris_136.jpeg,cris2
gs://dataset-creado-a-partir-de-imagenes/cris2/gymcris_423.jpeg,cris2
gs://dataset-creado-a-partir-de-imagenes/cris2/gymcris_073.jpeg,cris2
gs://dataset-creado-a-partir-de-imagenes/cris2/gymcris_589.jpeg,cris2
gs://dataset-creado-a-partir-de-imagenes/cris2/gymcris_970.jpeg,cris2
gs://dataset-creado-a-partir-de-imagenes/cris2/gymcris_1131.jpeg,cris2
gs://dataset-creado-a-partir-de-imagenes/cris2/gymcris_1074.jpeg,cris2
gs://dataset-creado-a-partir-de-imagenes/cris2/gymcris_161.jpeg,cris2
gs://dataset-creado-a-partir-de-imagenes/cris2/gymcris_531.jpeg,cris2
gs://dataset-creado-a-partir-de-imagenes/cris2/gymcris_862.jpeg,cris2
gs://dataset-creado-a-partir-de-imagenes/cris2/gymcris_927.jpeg,cris2
gs://dataset-creado-a-partir-de-imagenes/cris2/gymcris_024.jpeg,cris2
gs://dataset-creado-a-partir-de-imagenes/cris2/gymcris_474.jpeg,cris2
gs://dataset-creado-a-partir-de-imagenes/cris2/gymcris_1166.jpeg,cris2
gs://dataset-creado-a-partir-de-imagenes/cris2/gymcris_618.jpeg,cris2
gs://dataset-creado-a-partir-de-imagenes/cris2/gymcris_1189.jpeg,cris2
gs://dataset-creado-a-partir-de-imagenes/cris2/gymcris_1023.jpeg,cris2
gs://dataset-creado-a-partir-de-imagenes/cris2/gymcris_248.jpeg,cris2
gs://dataset-creado-a-partir-de-imagenes/cris2/gymcris_819.jpeg,cris2
gs://dataset-creado-a-partir-de-imagenes/cris2/gymcris_663.jpeg,cris2
gs://dataset-creado-a-partir-de-imagenes/cris2/gymcris_399.jpeg,cris2
gs://dataset-creado-a-partir-de-imagenes/cris2/gymcris_1058.jpeg,cris2
gs://dataset-creado-a-partir-de-imagenes/cris2/gymcris_233.jpeg,cris2
gs://dataset-creado-a-partir-de-imagenes/cris2/gymcris_726.jpeg,cris2
gs://dataset-creado-a-partir-de-imagenes/cris2/gymcris_376.jpeg,cris2
gs://dataset-creado-a-partir-de-imagenes/cris2/gymcris_458.jpeg,cris2
gs://dataset-creado-a-partir-de-imagenes/cris2/gymcris_008.jpeg,cris2
gs://dataset-creado-a-partir-de-imagenes/cris2/gymcris_264.jpeg,cris2
gs://dataset-creado-a-partir-de-imagenes/cris2/gymcris_634.jpeg,cris2
gs://dataset-creado-a-partir-de-imagenes/cris2/gymcris_321.jpeg,cris2
gs://dataset-creado-a-partir-de-imagenes/cris2/gymcris_771.jpeg,cris2
gs://dataset-creado-a-partir-de-imagenes/cris2/gymcris_858.jpeg,cris2
gs://dataset-creado-a-partir-de-imagenes/cris2/gymcris_622.jpeg,cris2
gs://dataset-creado-a-partir-de-imagenes/cris2/gymcris_272.jpeg,cris2
gs://dataset-creado-a-partir-de-imagenes/cris2/gymcris_1019.jpeg,cris2
gs://dataset-creado-a-partir-de-imagenes/cris2/gymcris_788.jpeg,cris2
gs://dataset-creado-a-partir-de-imagenes/cris2/gymcris_767.jpeg,cris2
gs://dataset-creado-a-partir-de-imagenes/cris2/gymcris_337.jpeg,cris2
gs://dataset-creado-a-partir-de-imagenes/cris2/gymcris_419.jpeg,cris2
gs://dataset-creado-a-partir-de-imagenes/cris2/gymcris_049.jpeg,cris2
gs://dataset-creado-a-partir-de-imagenes/cris2/gymcris_225.jpeg,cris2
gs://dataset-creado-a-partir-de-imagenes/cris2/gymcris_675.jpeg,cris2
gs://dataset-creado-a-partir-de-imagenes/cris2/gymcris_360.jpeg,cris2
gs://dataset-creado-a-partir-de-imagenes/cris2/gymcris_730.jpeg,cris2
gs://dataset-creado-a-partir-de-imagenes/cris2/gymcris_747.jpeg,cris2
gs://dataset-creado-a-partir-de-imagenes/cris2/gymcris_317.jpeg,cris2
gs://dataset-creado-a-partir-de-imagenes/cris2/gymcris_602.jpeg,cris2
gs://dataset-creado-a-partir-de-imagenes/cris2/gymcris_1193.jpeg,cris2
gs://dataset-creado-a-partir-de-imagenes/cris2/gymcris_252.jpeg,cris2
gs://dataset-creado-a-partir-de-imagenes/cris2/gymcris_1039.jpeg,cris2
gs://dataset-creado-a-partir-de-imagenes/cris2/gymcris_481.jpeg,cris2
gs://dataset-creado-a-partir-de-imagenes/cris2/gymcris_878.jpeg,cris2
gs://dataset-creado-a-partir-de-imagenes/cris2/gymcris_897.jpeg,cris2
gs://dataset-creado-a-partir-de-imagenes/cris2/gymcris_194.jpeg,cris2
gs://dataset-creado-a-partir-de-imagenes/cris2/gymcris_340.jpeg,cris2
gs://dataset-creado-a-partir-de-imagenes/cris2/gymcris_710.jpeg,cris2
gs://dataset-creado-a-partir-de-imagenes/cris2/gymcris_1081.jpeg,cris2
gs://dataset-creado-a-partir-de-imagenes/cris2/gymcris_205.jpeg,cris2
gs://dataset-creado-a-partir-de-imagenes/cris2/gymcris_655.jpeg,cris2
gs://dataset-creado-a-partir-de-imagenes/cris2/gymcris_985.jpeg,cris2
gs://dataset-creado-a-partir-de-imagenes/cris2/gymcris_086.jpeg,cris2
gs://dataset-creado-a-partir-de-imagenes/cris2/gymcris_439.jpeg,cris2
gs://dataset-creado-a-partir-de-imagenes/cris2/gymcris_069.jpeg,cris2
gs://dataset-creado-a-partir-de-imagenes/cris2/gymcris_593.jpeg,cris2
gs://dataset-creado-a-partir-de-imagenes/cris2/gymcris_1097.jpeg,cris2
gs://dataset-creado-a-partir-de-imagenes/cris2/gymcris_706.jpeg,cris2
gs://dataset-creado-a-partir-de-imagenes/cris2/gymcris_356.jpeg,cris2
gs://dataset-creado-a-partir-de-imagenes/cris2/gymcris_643.jpeg,cris2
gs://dataset-creado-a-partir-de-imagenes/cris2/gymcris_1078.jpeg,cris2
gs://dataset-creado-a-partir-de-imagenes/cris2/gymcris_213.jpeg,cris2
gs://dataset-creado-a-partir-de-imagenes/cris2/gymcris_090.jpeg,cris2
gs://dataset-creado-a-partir-de-imagenes/cris2/gymcris_839.jpeg,cris2
gs://dataset-creado-a-partir-de-imagenes/cris2/gymcris_993.jpeg,cris2
gs://dataset-creado-a-partir-de-imagenes/cris2/gymcris_585.jpeg,cris2
gs://dataset-creado-a-partir-de-imagenes/cris2/gymcris_301.jpeg,cris2
gs://dataset-creado-a-partir-de-imagenes/cris2/gymcris_751.jpeg,cris2
gs://dataset-creado-a-partir-de-imagenes/cris2/gymcris_244.jpeg,cris2
gs://dataset-creado-a-partir-de-imagenes/cris2/gymcris_1185.jpeg,cris2
gs://dataset-creado-a-partir-de-imagenes/cris2/gymcris_614.jpeg,cris2
gs://dataset-creado-a-partir-de-imagenes/cris2/gymcris_497.jpeg,cris2
gs://dataset-creado-a-partir-de-imagenes/cris2/gymcris_478.jpeg,cris2
gs://dataset-creado-a-partir-de-imagenes/cris2/gymcris_182.jpeg,cris2
gs://dataset-creado-a-partir-de-imagenes/cris2/gymcris_028.jpeg,cris2
gs://dataset-creado-a-partir-de-imagenes/cris2/gymcris_881.jpeg,cris2
gs://dataset-creado-a-partir-de-imagenes/cris2/gymcris_1054.jpeg,cris2
gs://dataset-creado-a-partir-de-imagenes/cris2/gymcris_395.jpeg,cris2
gs://dataset-creado-a-partir-de-imagenes/cris2/gymcris_1111.jpeg,cris2
gs://dataset-creado-a-partir-de-imagenes/cris2/gymcris_680.jpeg,cris2
gs://dataset-creado-a-partir-de-imagenes/cris2/gymcris_403.jpeg,cris2
gs://dataset-creado-a-partir-de-imagenes/cris2/gymcris_053.jpeg,cris2
gs://dataset-creado-a-partir-de-imagenes/cris2/gymcris_950.jpeg,cris2
gs://dataset-creado-a-partir-de-imagenes/cris2/gymcris_815.jpeg,cris2
gs://dataset-creado-a-partir-de-imagenes/cris2/gymcris_546.jpeg,cris2
gs://dataset-creado-a-partir-de-imagenes/cris2/gymcris_116.jpeg,cris2
gs://dataset-creado-a-partir-de-imagenes/cris2/gymcris_638.jpeg,cris2
gs://dataset-creado-a-partir-de-imagenes/cris2/gymcris_1003.jpeg,cris2
gs://dataset-creado-a-partir-de-imagenes/cris2/gymcris_268.jpeg,cris2
gs://dataset-creado-a-partir-de-imagenes/cris2/gymcris_792.jpeg,cris2
gs://dataset-creado-a-partir-de-imagenes/cris2/gymcris_287.jpeg,cris2
gs://dataset-creado-a-partir-de-imagenes/cris2/gymcris_1146.jpeg,cris2
gs://dataset-creado-a-partir-de-imagenes/cris2/gymcris_907.jpeg,cris2
gs://dataset-creado-a-partir-de-imagenes/cris2/gymcris_004.jpeg,cris2
gs://dataset-creado-a-partir-de-imagenes/cris2/gymcris_454.jpeg,cris2
gs://dataset-creado-a-partir-de-imagenes/cris2/gymcris_141.jpeg,cris2
gs://dataset-creado-a-partir-de-imagenes/cris2/gymcris_511.jpeg,cris2
gs://dataset-creado-a-partir-de-imagenes/cris2/gymcris_842.jpeg,cris2
gs://dataset-creado-a-partir-de-imagenes/cris2/gymcris_784.jpeg,cris2
gs://dataset-creado-a-partir-de-imagenes/cris2/gymcris_1015.jpeg,cris2
gs://dataset-creado-a-partir-de-imagenes/cris2/gymcris_1150.jpeg,cris2
gs://dataset-creado-a-partir-de-imagenes/cris2/gymcris_291.jpeg,cris2
gs://dataset-creado-a-partir-de-imagenes/cris2/gymcris_442.jpeg,cris2
gs://dataset-creado-a-partir-de-imagenes/cris2/gymcris_012.jpeg,cris2
gs://dataset-creado-a-partir-de-imagenes/cris2/gymcris_911.jpeg,cris2
gs://dataset-creado-a-partir-de-imagenes/cris2/gymcris_854.jpeg,cris2
gs://dataset-creado-a-partir-de-imagenes/cris2/gymcris_507.jpeg,cris2
gs://dataset-creado-a-partir-de-imagenes/cris2/gymcris_157.jpeg,cris2
gs://dataset-creado-a-partir-de-imagenes/cris2/gymcris_679.jpeg,cris2
gs://dataset-creado-a-partir-de-imagenes/cris2/gymcris_383.jpeg,cris2
gs://dataset-creado-a-partir-de-imagenes/cris2/gymcris_229.jpeg,cris2
gs://dataset-creado-a-partir-de-imagenes/cris2/gymcris_1042.jpeg,cris2
gs://dataset-creado-a-partir-de-imagenes/cris2/gymcris_696.jpeg,cris2
gs://dataset-creado-a-partir-de-imagenes/cris2/gymcris_1107.jpeg,cris2
gs://dataset-creado-a-partir-de-imagenes/cris2/gymcris_946.jpeg,cris2
gs://dataset-creado-a-partir-de-imagenes/cris2/gymcris_045.jpeg,cris2
gs://dataset-creado-a-partir-de-imagenes/cris2/gymcris_415.jpeg,cris2
gs://dataset-creado-a-partir-de-imagenes/cris2/gymcris_100.jpeg,cris2
gs://dataset-creado-a-partir-de-imagenes/cris2/gymcris_550.jpeg,cris2
gs://dataset-creado-a-partir-de-imagenes/cris2/gymcris_803.jpeg,cris2
gs://dataset-creado-a-partir-de-imagenes/cris2/gymcris_222.jpeg,cris2
gs://dataset-creado-a-partir-de-imagenes/cris2/gymcris_1049.jpeg,cris2
gs://dataset-creado-a-partir-de-imagenes/cris2/gymcris_672.jpeg,cris2
gs://dataset-creado-a-partir-de-imagenes/cris2/gymcris_388.jpeg,cris2
gs://dataset-creado-a-partir-de-imagenes/cris2/gymcris_367.jpeg,cris2
gs://dataset-creado-a-partir-de-imagenes/cris2/gymcris_737.jpeg,cris2
gs://dataset-creado-a-partir-de-imagenes/cris2/gymcris_808.jpeg,cris2
gs://dataset-creado-a-partir-de-imagenes/cris2/gymcris_625.jpeg,cris2
gs://dataset-creado-a-partir-de-imagenes/cris2/gymcris_275.jpeg,cris2
gs://dataset-creado-a-partir-de-imagenes/cris2/gymcris_760.jpeg,cris2
gs://dataset-creado-a-partir-de-imagenes/cris2/gymcris_330.jpeg,cris2
gs://dataset-creado-a-partir-de-imagenes/cris2/gymcris_019.jpeg,cris2
gs://dataset-creado-a-partir-de-imagenes/cris2/gymcris_449.jpeg,cris2
gs://dataset-creado-a-partir-de-imagenes/cris2/gymcris_1008.jpeg,cris2
gs://dataset-creado-a-partir-de-imagenes/cris2/gymcris_263.jpeg,cris2
gs://dataset-creado-a-partir-de-imagenes/cris2/gymcris_799.jpeg,cris2
gs://dataset-creado-a-partir-de-imagenes/cris2/gymcris_633.jpeg,cris2
gs://dataset-creado-a-partir-de-imagenes/cris2/gymcris_326.jpeg,cris2
gs://dataset-creado-a-partir-de-imagenes/cris2/gymcris_776.jpeg,cris2
gs://dataset-creado-a-partir-de-imagenes/cris2/gymcris_849.jpeg,cris2
gs://dataset-creado-a-partir-de-imagenes/cris2/gymcris_664.jpeg,cris2
gs://dataset-creado-a-partir-de-imagenes/cris2/gymcris_234.jpeg,cris2
gs://dataset-creado-a-partir-de-imagenes/cris2/gymcris_721.jpeg,cris2
gs://dataset-creado-a-partir-de-imagenes/cris2/gymcris_371.jpeg,cris2
gs://dataset-creado-a-partir-de-imagenes/cris2/gymcris_058.jpeg,cris2
gs://dataset-creado-a-partir-de-imagenes/cris2/gymcris_408.jpeg,cris2
gs://dataset-creado-a-partir-de-imagenes/cris2/gymcris_1161.jpeg,cris2
gs://dataset-creado-a-partir-de-imagenes/cris2/gymcris_1024.jpeg,cris2
gs://dataset-creado-a-partir-de-imagenes/cris2/gymcris_865.jpeg,cris2
gs://dataset-creado-a-partir-de-imagenes/cris2/gymcris_166.jpeg,cris2
gs://dataset-creado-a-partir-de-imagenes/cris2/gymcris_536.jpeg,cris2
gs://dataset-creado-a-partir-de-imagenes/cris2/gymcris_023.jpeg,cris2
gs://dataset-creado-a-partir-de-imagenes/cris2/gymcris_473.jpeg,cris2
gs://dataset-creado-a-partir-de-imagenes/cris2/gymcris_189.jpeg,cris2
gs://dataset-creado-a-partir-de-imagenes/cris2/gymcris_920.jpeg,cris2
gs://dataset-creado-a-partir-de-imagenes/cris2/gymcris_1136.jpeg,cris2
gs://dataset-creado-a-partir-de-imagenes/cris2/gymcris_1073.jpeg,cris2
gs://dataset-creado-a-partir-de-imagenes/cris2/gymcris_218.jpeg,cris2
gs://dataset-creado-a-partir-de-imagenes/cris2/gymcris_648.jpeg,cris2
gs://dataset-creado-a-partir-de-imagenes/cris2/gymcris_561.jpeg,cris2
gs://dataset-creado-a-partir-de-imagenes/cris2/gymcris_131.jpeg,cris2
gs://dataset-creado-a-partir-de-imagenes/cris2/gymcris_998.jpeg,cris2
gs://dataset-creado-a-partir-de-imagenes/cris2/gymcris_832.jpeg,cris2
gs://dataset-creado-a-partir-de-imagenes/cris2/gymcris_977.jpeg,cris2
gs://dataset-creado-a-partir-de-imagenes/cris2/gymcris_424.jpeg,cris2
gs://dataset-creado-a-partir-de-imagenes/cris2/gymcris_074.jpeg,cris2
gs://dataset-creado-a-partir-de-imagenes/cris2/gymcris_1120.jpeg,cris2
gs://dataset-creado-a-partir-de-imagenes/cris2/gymcris_1065.jpeg,cris2
gs://dataset-creado-a-partir-de-imagenes/cris2/gymcris_824.jpeg,cris2
gs://dataset-creado-a-partir-de-imagenes/cris2/gymcris_127.jpeg,cris2
gs://dataset-creado-a-partir-de-imagenes/cris2/gymcris_577.jpeg,cris2
gs://dataset-creado-a-partir-de-imagenes/cris2/gymcris_062.jpeg,cris2
gs://dataset-creado-a-partir-de-imagenes/cris2/gymcris_598.jpeg,cris2
gs://dataset-creado-a-partir-de-imagenes/cris2/gymcris_432.jpeg,cris2
gs://dataset-creado-a-partir-de-imagenes/cris2/gymcris_961.jpeg,cris2
gs://dataset-creado-a-partir-de-imagenes/cris2/gymcris_1177.jpeg,cris2
gs://dataset-creado-a-partir-de-imagenes/cris2/gymcris_259.jpeg,cris2
gs://dataset-creado-a-partir-de-imagenes/cris2/gymcris_1032.jpeg,cris2
gs://dataset-creado-a-partir-de-imagenes/cris2/gymcris_609.jpeg,cris2
gs://dataset-creado-a-partir-de-imagenes/cris2/gymcris_1198.jpeg,cris2
gs://dataset-creado-a-partir-de-imagenes/cris2/gymcris_520.jpeg,cris2
gs://dataset-creado-a-partir-de-imagenes/cris2/gymcris_170.jpeg,cris2
gs://dataset-creado-a-partir-de-imagenes/cris2/gymcris_873.jpeg,cris2
gs://dataset-creado-a-partir-de-imagenes/cris2/gymcris_936.jpeg,cris2
gs://dataset-creado-a-partir-de-imagenes/cris2/gymcris_465.jpeg,cris2
gs://dataset-creado-a-partir-de-imagenes/cris2/gymcris_035.jpeg,cris2
gs://dataset-creado-a-partir-de-imagenes/cris2/gymcris_042.jpeg,cris2
gs://dataset-creado-a-partir-de-imagenes/cris2/gymcris_412.jpeg,cris2
gs://dataset-creado-a-partir-de-imagenes/cris2/gymcris_941.jpeg,cris2
gs://dataset-creado-a-partir-de-imagenes/cris2/gymcris_804.jpeg,cris2
gs://dataset-creado-a-partir-de-imagenes/cris2/gymcris_107.jpeg,cris2
gs://dataset-creado-a-partir-de-imagenes/cris2/gymcris_557.jpeg,cris2
gs://dataset-creado-a-partir-de-imagenes/cris2/gymcris_384.jpeg,cris2
gs://dataset-creado-a-partir-de-imagenes/cris2/gymcris_1045.jpeg,cris2
gs://dataset-creado-a-partir-de-imagenes/cris2/gymcris_1100.jpeg,cris2
gs://dataset-creado-a-partir-de-imagenes/cris2/gymcris_691.jpeg,cris2
gs://dataset-creado-a-partir-de-imagenes/cris2/gymcris_916.jpeg,cris2
gs://dataset-creado-a-partir-de-imagenes/cris2/gymcris_445.jpeg,cris2
gs://dataset-creado-a-partir-de-imagenes/cris2/gymcris_015.jpeg,cris2
gs://dataset-creado-a-partir-de-imagenes/cris2/gymcris_500.jpeg,cris2
gs://dataset-creado-a-partir-de-imagenes/cris2/gymcris_150.jpeg,cris2
gs://dataset-creado-a-partir-de-imagenes/cris2/gymcris_853.jpeg,cris2
gs://dataset-creado-a-partir-de-imagenes/cris2/gymcris_279.jpeg,cris2
gs://dataset-creado-a-partir-de-imagenes/cris2/gymcris_1012.jpeg,cris2
gs://dataset-creado-a-partir-de-imagenes/cris2/gymcris_783.jpeg,cris2
gs://dataset-creado-a-partir-de-imagenes/cris2/gymcris_629.jpeg,cris2
gs://dataset-creado-a-partir-de-imagenes/cris2/gymcris_1157.jpeg,cris2
gs://dataset-creado-a-partir-de-imagenes/cris2/gymcris_296.jpeg,cris2
gs://dataset-creado-a-partir-de-imagenes/cris2/gymcris_003.jpeg,cris2
gs://dataset-creado-a-partir-de-imagenes/cris2/gymcris_453.jpeg,cris2
gs://dataset-creado-a-partir-de-imagenes/cris2/gymcris_900.jpeg,cris2
gs://dataset-creado-a-partir-de-imagenes/cris2/gymcris_845.jpeg,cris2
gs://dataset-creado-a-partir-de-imagenes/cris2/gymcris_146.jpeg,cris2
gs://dataset-creado-a-partir-de-imagenes/cris2/gymcris_516.jpeg,cris2
gs://dataset-creado-a-partir-de-imagenes/cris2/gymcris_795.jpeg,cris2
gs://dataset-creado-a-partir-de-imagenes/cris2/gymcris_1004.jpeg,cris2
gs://dataset-creado-a-partir-de-imagenes/cris2/gymcris_280.jpeg,cris2
gs://dataset-creado-a-partir-de-imagenes/cris2/gymcris_1141.jpeg,cris2
gs://dataset-creado-a-partir-de-imagenes/cris2/gymcris_957.jpeg,cris2
gs://dataset-creado-a-partir-de-imagenes/cris2/gymcris_404.jpeg,cris2
gs://dataset-creado-a-partir-de-imagenes/cris2/gymcris_054.jpeg,cris2
gs://dataset-creado-a-partir-de-imagenes/cris2/gymcris_541.jpeg,cris2
gs://dataset-creado-a-partir-de-imagenes/cris2/gymcris_111.jpeg,cris2
gs://dataset-creado-a-partir-de-imagenes/cris2/gymcris_812.jpeg,cris2
gs://dataset-creado-a-partir-de-imagenes/cris2/gymcris_1053.jpeg,cris2
gs://dataset-creado-a-partir-de-imagenes/cris2/gymcris_238.jpeg,cris2
gs://dataset-creado-a-partir-de-imagenes/cris2/gymcris_668.jpeg,cris2
gs://dataset-creado-a-partir-de-imagenes/cris2/gymcris_392.jpeg,cris2
gs://dataset-creado-a-partir-de-imagenes/cris2/gymcris_687.jpeg,cris2
gs://dataset-creado-a-partir-de-imagenes/cris2/gymcris_1116.jpeg,cris2
gs://dataset-creado-a-partir-de-imagenes/cris2/gymcris_490.jpeg,cris2
gs://dataset-creado-a-partir-de-imagenes/cris2/gymcris_869.jpeg,cris2
gs://dataset-creado-a-partir-de-imagenes/cris2/gymcris_886.jpeg,cris2
gs://dataset-creado-a-partir-de-imagenes/cris2/gymcris_185.jpeg,cris2
gs://dataset-creado-a-partir-de-imagenes/cris2/gymcris_306.jpeg,cris2
gs://dataset-creado-a-partir-de-imagenes/cris2/gymcris_756.jpeg,cris2
gs://dataset-creado-a-partir-de-imagenes/cris2/gymcris_1028.jpeg,cris2
gs://dataset-creado-a-partir-de-imagenes/cris2/gymcris_243.jpeg,cris2
gs://dataset-creado-a-partir-de-imagenes/cris2/gymcris_613.jpeg,cris2
gs://dataset-creado-a-partir-de-imagenes/cris2/gymcris_1182.jpeg,cris2
gs://dataset-creado-a-partir-de-imagenes/cris2/gymcris_994.jpeg,cris2
gs://dataset-creado-a-partir-de-imagenes/cris2/gymcris_097.jpeg,cris2
gs://dataset-creado-a-partir-de-imagenes/cris2/gymcris_078.jpeg,cris2
gs://dataset-creado-a-partir-de-imagenes/cris2/gymcris_582.jpeg,cris2
gs://dataset-creado-a-partir-de-imagenes/cris2/gymcris_428.jpeg,cris2
gs://dataset-creado-a-partir-de-imagenes/cris2/gymcris_701.jpeg,cris2
gs://dataset-creado-a-partir-de-imagenes/cris2/gymcris_1090.jpeg,cris2
gs://dataset-creado-a-partir-de-imagenes/cris2/gymcris_351.jpeg,cris2
gs://dataset-creado-a-partir-de-imagenes/cris2/gymcris_644.jpeg,cris2
gs://dataset-creado-a-partir-de-imagenes/cris2/gymcris_214.jpeg,cris2
gs://dataset-creado-a-partir-de-imagenes/cris2/gymcris_081.jpeg,cris2
gs://dataset-creado-a-partir-de-imagenes/cris2/gymcris_982.jpeg,cris2
gs://dataset-creado-a-partir-de-imagenes/cris2/gymcris_828.jpeg,cris2
gs://dataset-creado-a-partir-de-imagenes/cris2/gymcris_594.jpeg,cris2
gs://dataset-creado-a-partir-de-imagenes/cris2/gymcris_347.jpeg,cris2
gs://dataset-creado-a-partir-de-imagenes/cris2/gymcris_1086.jpeg,cris2
gs://dataset-creado-a-partir-de-imagenes/cris2/gymcris_717.jpeg,cris2
gs://dataset-creado-a-partir-de-imagenes/cris2/gymcris_202.jpeg,cris2
gs://dataset-creado-a-partir-de-imagenes/cris2/gymcris_1069.jpeg,cris2
gs://dataset-creado-a-partir-de-imagenes/cris2/gymcris_652.jpeg,cris2
gs://dataset-creado-a-partir-de-imagenes/cris2/gymcris_486.jpeg,cris2
gs://dataset-creado-a-partir-de-imagenes/cris2/gymcris_039.jpeg,cris2
gs://dataset-creado-a-partir-de-imagenes/cris2/gymcris_469.jpeg,cris2
gs://dataset-creado-a-partir-de-imagenes/cris2/gymcris_193.jpeg,cris2
gs://dataset-creado-a-partir-de-imagenes/cris2/gymcris_890.jpeg,cris2
gs://dataset-creado-a-partir-de-imagenes/cris2/gymcris_740.jpeg,cris2
gs://dataset-creado-a-partir-de-imagenes/cris2/gymcris_310.jpeg,cris2
gs://dataset-creado-a-partir-de-imagenes/cris2/gymcris_1194.jpeg,cris2
gs://dataset-creado-a-partir-de-imagenes/cris2/gymcris_605.jpeg,cris2
gs://dataset-creado-a-partir-de-imagenes/cris2/gymcris_255.jpeg,cris2
gs://dataset-creado-a-partir-de-imagenes/cris2/gymcris_741.jpeg,cris2
gs://dataset-creado-a-partir-de-imagenes/cris2/gymcris_311.jpeg,cris2
gs://dataset-creado-a-partir-de-imagenes/cris2/gymcris_1195.jpeg,cris2
gs://dataset-creado-a-partir-de-imagenes/cris2/gymcris_604.jpeg,cris2
gs://dataset-creado-a-partir-de-imagenes/cris2/gymcris_254.jpeg,cris2
gs://dataset-creado-a-partir-de-imagenes/cris2/gymcris_487.jpeg,cris2
gs://dataset-creado-a-partir-de-imagenes/cris2/gymcris_038.jpeg,cris2
gs://dataset-creado-a-partir-de-imagenes/cris2/gymcris_468.jpeg,cris2
gs://dataset-creado-a-partir-de-imagenes/cris2/gymcris_192.jpeg,cris2
gs://dataset-creado-a-partir-de-imagenes/cris2/gymcris_891.jpeg,cris2
gs://dataset-creado-a-partir-de-imagenes/cris2/gymcris_346.jpeg,cris2
gs://dataset-creado-a-partir-de-imagenes/cris2/gymcris_1087.jpeg,cris2
gs://dataset-creado-a-partir-de-imagenes/cris2/gymcris_716.jpeg,cris2
gs://dataset-creado-a-partir-de-imagenes/cris2/gymcris_203.jpeg,cris2
gs://dataset-creado-a-partir-de-imagenes/cris2/gymcris_1068.jpeg,cris2
gs://dataset-creado-a-partir-de-imagenes/cris2/gymcris_653.jpeg,cris2
gs://dataset-creado-a-partir-de-imagenes/cris2/gymcris_080.jpeg,cris2
gs://dataset-creado-a-partir-de-imagenes/cris2/gymcris_983.jpeg,cris2
gs://dataset-creado-a-partir-de-imagenes/cris2/gymcris_829.jpeg,cris2
gs://dataset-creado-a-partir-de-imagenes/cris2/gymcris_595.jpeg,cris2
gs://dataset-creado-a-partir-de-imagenes/cris2/gymcris_700.jpeg,cris2
gs://dataset-creado-a-partir-de-imagenes/cris2/gymcris_1091.jpeg,cris2
gs://dataset-creado-a-partir-de-imagenes/cris2/gymcris_350.jpeg,cris2
gs://dataset-creado-a-partir-de-imagenes/cris2/gymcris_645.jpeg,cris2
gs://dataset-creado-a-partir-de-imagenes/cris2/gymcris_215.jpeg,cris2
gs://dataset-creado-a-partir-de-imagenes/cris2/gymcris_995.jpeg,cris2
gs://dataset-creado-a-partir-de-imagenes/cris2/gymcris_096.jpeg,cris2
gs://dataset-creado-a-partir-de-imagenes/cris2/gymcris_079.jpeg,cris2
gs://dataset-creado-a-partir-de-imagenes/cris2/gymcris_583.jpeg,cris2
gs://dataset-creado-a-partir-de-imagenes/cris2/gymcris_429.jpeg,cris2
gs://dataset-creado-a-partir-de-imagenes/cris2/gymcris_307.jpeg,cris2
gs://dataset-creado-a-partir-de-imagenes/cris2/gymcris_757.jpeg,cris2
gs://dataset-creado-a-partir-de-imagenes/cris2/gymcris_1029.jpeg,cris2
gs://dataset-creado-a-partir-de-imagenes/cris2/gymcris_242.jpeg,cris2
gs://dataset-creado-a-partir-de-imagenes/cris2/gymcris_612.jpeg,cris2
gs://dataset-creado-a-partir-de-imagenes/cris2/gymcris_1183.jpeg,cris2
gs://dataset-creado-a-partir-de-imagenes/cris2/gymcris_491.jpeg,cris2
gs://dataset-creado-a-partir-de-imagenes/cris2/gymcris_868.jpeg,cris2
gs://dataset-creado-a-partir-de-imagenes/cris2/gymcris_887.jpeg,cris2
gs://dataset-creado-a-partir-de-imagenes/cris2/gymcris_184.jpeg,cris2
gs://dataset-creado-a-partir-de-imagenes/cris2/gymcris_1052.jpeg,cris2
gs://dataset-creado-a-partir-de-imagenes/cris2/gymcris_239.jpeg,cris2
gs://dataset-creado-a-partir-de-imagenes/cris2/gymcris_669.jpeg,cris2
gs://dataset-creado-a-partir-de-imagenes/cris2/gymcris_393.jpeg,cris2
gs://dataset-creado-a-partir-de-imagenes/cris2/gymcris_686.jpeg,cris2
gs://dataset-creado-a-partir-de-imagenes/cris2/gymcris_1117.jpeg,cris2
gs://dataset-creado-a-partir-de-imagenes/cris2/gymcris_956.jpeg,cris2
gs://dataset-creado-a-partir-de-imagenes/cris2/gymcris_405.jpeg,cris2
gs://dataset-creado-a-partir-de-imagenes/cris2/gymcris_055.jpeg,cris2
gs://dataset-creado-a-partir-de-imagenes/cris2/gymcris_540.jpeg,cris2
gs://dataset-creado-a-partir-de-imagenes/cris2/gymcris_110.jpeg,cris2
gs://dataset-creado-a-partir-de-imagenes/cris2/gymcris_813.jpeg,cris2
gs://dataset-creado-a-partir-de-imagenes/cris2/gymcris_794.jpeg,cris2
gs://dataset-creado-a-partir-de-imagenes/cris2/gymcris_1005.jpeg,cris2
gs://dataset-creado-a-partir-de-imagenes/cris2/gymcris_281.jpeg,cris2
gs://dataset-creado-a-partir-de-imagenes/cris2/gymcris_1140.jpeg,cris2
gs://dataset-creado-a-partir-de-imagenes/cris2/gymcris_002.jpeg,cris2
gs://dataset-creado-a-partir-de-imagenes/cris2/gymcris_452.jpeg,cris2
gs://dataset-creado-a-partir-de-imagenes/cris2/gymcris_901.jpeg,cris2
gs://dataset-creado-a-partir-de-imagenes/cris2/gymcris_844.jpeg,cris2
gs://dataset-creado-a-partir-de-imagenes/cris2/gymcris_147.jpeg,cris2
gs://dataset-creado-a-partir-de-imagenes/cris2/gymcris_517.jpeg,cris2
gs://dataset-creado-a-partir-de-imagenes/cris2/gymcris_278.jpeg,cris2
gs://dataset-creado-a-partir-de-imagenes/cris2/gymcris_1013.jpeg,cris2
gs://dataset-creado-a-partir-de-imagenes/cris2/gymcris_782.jpeg,cris2
gs://dataset-creado-a-partir-de-imagenes/cris2/gymcris_628.jpeg,cris2
gs://dataset-creado-a-partir-de-imagenes/cris2/gymcris_1156.jpeg,cris2
gs://dataset-creado-a-partir-de-imagenes/cris2/gymcris_297.jpeg,cris2
gs://dataset-creado-a-partir-de-imagenes/cris2/gymcris_917.jpeg,cris2
gs://dataset-creado-a-partir-de-imagenes/cris2/gymcris_444.jpeg,cris2
gs://dataset-creado-a-partir-de-imagenes/cris2/gymcris_014.jpeg,cris2
gs://dataset-creado-a-partir-de-imagenes/cris2/gymcris_501.jpeg,cris2
gs://dataset-creado-a-partir-de-imagenes/cris2/gymcris_151.jpeg,cris2
gs://dataset-creado-a-partir-de-imagenes/cris2/gymcris_852.jpeg,cris2
gs://dataset-creado-a-partir-de-imagenes/cris2/gymcris_385.jpeg,cris2
gs://dataset-creado-a-partir-de-imagenes/cris2/gymcris_1044.jpeg,cris2
gs://dataset-creado-a-partir-de-imagenes/cris2/gymcris_1101.jpeg,cris2
gs://dataset-creado-a-partir-de-imagenes/cris2/gymcris_690.jpeg,cris2
gs://dataset-creado-a-partir-de-imagenes/cris2/gymcris_043.jpeg,cris2
gs://dataset-creado-a-partir-de-imagenes/cris2/gymcris_413.jpeg,cris2
gs://dataset-creado-a-partir-de-imagenes/cris2/gymcris_940.jpeg,cris2
gs://dataset-creado-a-partir-de-imagenes/cris2/gymcris_805.jpeg,cris2
gs://dataset-creado-a-partir-de-imagenes/cris2/gymcris_106.jpeg,cris2
gs://dataset-creado-a-partir-de-imagenes/cris2/gymcris_556.jpeg,cris2
gs://dataset-creado-a-partir-de-imagenes/cris2/gymcris_521.jpeg,cris2
gs://dataset-creado-a-partir-de-imagenes/cris2/gymcris_171.jpeg,cris2
gs://dataset-creado-a-partir-de-imagenes/cris2/gymcris_872.jpeg,cris2
gs://dataset-creado-a-partir-de-imagenes/cris2/gymcris_937.jpeg,cris2
gs://dataset-creado-a-partir-de-imagenes/cris2/gymcris_464.jpeg,cris2
gs://dataset-creado-a-partir-de-imagenes/cris2/gymcris_034.jpeg,cris2
gs://dataset-creado-a-partir-de-imagenes/cris2/gymcris_1176.jpeg,cris2
gs://dataset-creado-a-partir-de-imagenes/cris2/gymcris_258.jpeg,cris2
gs://dataset-creado-a-partir-de-imagenes/cris2/gymcris_1033.jpeg,cris2
gs://dataset-creado-a-partir-de-imagenes/cris2/gymcris_608.jpeg,cris2
gs://dataset-creado-a-partir-de-imagenes/cris2/gymcris_1199.jpeg,cris2
gs://dataset-creado-a-partir-de-imagenes/cris2/gymcris_825.jpeg,cris2
gs://dataset-creado-a-partir-de-imagenes/cris2/gymcris_126.jpeg,cris2
gs://dataset-creado-a-partir-de-imagenes/cris2/gymcris_576.jpeg,cris2
gs://dataset-creado-a-partir-de-imagenes/cris2/gymcris_063.jpeg,cris2
gs://dataset-creado-a-partir-de-imagenes/cris2/gymcris_599.jpeg,cris2
gs://dataset-creado-a-partir-de-imagenes/cris2/gymcris_433.jpeg,cris2
gs://dataset-creado-a-partir-de-imagenes/cris2/gymcris_960.jpeg,cris2
gs://dataset-creado-a-partir-de-imagenes/cris2/gymcris_1121.jpeg,cris2
gs://dataset-creado-a-partir-de-imagenes/cris2/gymcris_1064.jpeg,cris2
gs://dataset-creado-a-partir-de-imagenes/cris2/gymcris_560.jpeg,cris2
gs://dataset-creado-a-partir-de-imagenes/cris2/gymcris_130.jpeg,cris2
gs://dataset-creado-a-partir-de-imagenes/cris2/gymcris_999.jpeg,cris2
gs://dataset-creado-a-partir-de-imagenes/cris2/gymcris_833.jpeg,cris2
gs://dataset-creado-a-partir-de-imagenes/cris2/gymcris_976.jpeg,cris2
gs://dataset-creado-a-partir-de-imagenes/cris2/gymcris_425.jpeg,cris2
gs://dataset-creado-a-partir-de-imagenes/cris2/gymcris_075.jpeg,cris2
gs://dataset-creado-a-partir-de-imagenes/cris2/gymcris_1137.jpeg,cris2
gs://dataset-creado-a-partir-de-imagenes/cris2/gymcris_1072.jpeg,cris2
gs://dataset-creado-a-partir-de-imagenes/cris2/gymcris_219.jpeg,cris2
gs://dataset-creado-a-partir-de-imagenes/cris2/gymcris_649.jpeg,cris2
gs://dataset-creado-a-partir-de-imagenes/cris2/gymcris_864.jpeg,cris2
gs://dataset-creado-a-partir-de-imagenes/cris2/gymcris_167.jpeg,cris2
gs://dataset-creado-a-partir-de-imagenes/cris2/gymcris_537.jpeg,cris2
gs://dataset-creado-a-partir-de-imagenes/cris2/gymcris_022.jpeg,cris2
gs://dataset-creado-a-partir-de-imagenes/cris2/gymcris_472.jpeg,cris2
gs://dataset-creado-a-partir-de-imagenes/cris2/gymcris_188.jpeg,cris2
gs://dataset-creado-a-partir-de-imagenes/cris2/gymcris_921.jpeg,cris2
gs://dataset-creado-a-partir-de-imagenes/cris2/gymcris_1160.jpeg,cris2
gs://dataset-creado-a-partir-de-imagenes/cris2/gymcris_1025.jpeg,cris2
gs://dataset-creado-a-partir-de-imagenes/cris2/gymcris_059.jpeg,cris2
gs://dataset-creado-a-partir-de-imagenes/cris2/gymcris_409.jpeg,cris2
gs://dataset-creado-a-partir-de-imagenes/cris2/gymcris_665.jpeg,cris2
gs://dataset-creado-a-partir-de-imagenes/cris2/gymcris_235.jpeg,cris2
gs://dataset-creado-a-partir-de-imagenes/cris2/gymcris_720.jpeg,cris2
gs://dataset-creado-a-partir-de-imagenes/cris2/gymcris_370.jpeg,cris2
gs://dataset-creado-a-partir-de-imagenes/cris2/gymcris_848.jpeg,cris2
gs://dataset-creado-a-partir-de-imagenes/cris2/gymcris_1009.jpeg,cris2
gs://dataset-creado-a-partir-de-imagenes/cris2/gymcris_262.jpeg,cris2
gs://dataset-creado-a-partir-de-imagenes/cris2/gymcris_798.jpeg,cris2
gs://dataset-creado-a-partir-de-imagenes/cris2/gymcris_632.jpeg,cris2
gs://dataset-creado-a-partir-de-imagenes/cris2/gymcris_327.jpeg,cris2
gs://dataset-creado-a-partir-de-imagenes/cris2/gymcris_777.jpeg,cris2
gs://dataset-creado-a-partir-de-imagenes/cris2/gymcris_018.jpeg,cris2
gs://dataset-creado-a-partir-de-imagenes/cris2/gymcris_448.jpeg,cris2
gs://dataset-creado-a-partir-de-imagenes/cris2/gymcris_624.jpeg,cris2
gs://dataset-creado-a-partir-de-imagenes/cris2/gymcris_274.jpeg,cris2
gs://dataset-creado-a-partir-de-imagenes/cris2/gymcris_761.jpeg,cris2
gs://dataset-creado-a-partir-de-imagenes/cris2/gymcris_331.jpeg,cris2
gs://dataset-creado-a-partir-de-imagenes/cris2/gymcris_809.jpeg,cris2
gs://dataset-creado-a-partir-de-imagenes/cris2/gymcris_223.jpeg,cris2
gs://dataset-creado-a-partir-de-imagenes/cris2/gymcris_1048.jpeg,cris2
gs://dataset-creado-a-partir-de-imagenes/cris2/gymcris_673.jpeg,cris2
gs://dataset-creado-a-partir-de-imagenes/cris2/gymcris_389.jpeg,cris2
gs://dataset-creado-a-partir-de-imagenes/cris2/gymcris_366.jpeg,cris2
gs://dataset-creado-a-partir-de-imagenes/cris2/gymcris_736.jpeg,cris2
gs://dataset-creado-a-partir-de-imagenes/cris2/gymcris_467.jpeg,cris2
gs://dataset-creado-a-partir-de-imagenes/cris2/gymcris_037.jpeg,cris2
gs://dataset-creado-a-partir-de-imagenes/cris2/gymcris_934.jpeg,cris2
gs://dataset-creado-a-partir-de-imagenes/cris2/gymcris_871.jpeg,cris2
gs://dataset-creado-a-partir-de-imagenes/cris2/gymcris_522.jpeg,cris2
gs://dataset-creado-a-partir-de-imagenes/cris2/gymcris_172.jpeg,cris2
gs://dataset-creado-a-partir-de-imagenes/cris2/gymcris_488.jpeg,cris2
gs://dataset-creado-a-partir-de-imagenes/cris2/gymcris_1030.jpeg,cris2
gs://dataset-creado-a-partir-de-imagenes/cris2/gymcris_1175.jpeg,cris2
gs://dataset-creado-a-partir-de-imagenes/cris2/gymcris_963.jpeg,cris2
gs://dataset-creado-a-partir-de-imagenes/cris2/gymcris_060.jpeg,cris2
gs://dataset-creado-a-partir-de-imagenes/cris2/gymcris_430.jpeg,cris2
gs://dataset-creado-a-partir-de-imagenes/cris2/gymcris_125.jpeg,cris2
gs://dataset-creado-a-partir-de-imagenes/cris2/gymcris_575.jpeg,cris2
gs://dataset-creado-a-partir-de-imagenes/cris2/gymcris_826.jpeg,cris2
gs://dataset-creado-a-partir-de-imagenes/cris2/gymcris_1067.jpeg,cris2
gs://dataset-creado-a-partir-de-imagenes/cris2/gymcris_719.jpeg,cris2
gs://dataset-creado-a-partir-de-imagenes/cris2/gymcris_1088.jpeg,cris2
gs://dataset-creado-a-partir-de-imagenes/cris2/gymcris_1122.jpeg,cris2
gs://dataset-creado-a-partir-de-imagenes/cris2/gymcris_349.jpeg,cris2
gs://dataset-creado-a-partir-de-imagenes/cris2/gymcris_426.jpeg,cris2
gs://dataset-creado-a-partir-de-imagenes/cris2/gymcris_076.jpeg,cris2
gs://dataset-creado-a-partir-de-imagenes/cris2/gymcris_975.jpeg,cris2
gs://dataset-creado-a-partir-de-imagenes/cris2/gymcris_830.jpeg,cris2
gs://dataset-creado-a-partir-de-imagenes/cris2/gymcris_563.jpeg,cris2
gs://dataset-creado-a-partir-de-imagenes/cris2/gymcris_099.jpeg,cris2
gs://dataset-creado-a-partir-de-imagenes/cris2/gymcris_133.jpeg,cris2
gs://dataset-creado-a-partir-de-imagenes/cris2/gymcris_1071.jpeg,cris2
gs://dataset-creado-a-partir-de-imagenes/cris2/gymcris_1134.jpeg,cris2
gs://dataset-creado-a-partir-de-imagenes/cris2/gymcris_922.jpeg,cris2
gs://dataset-creado-a-partir-de-imagenes/cris2/gymcris_888.jpeg,cris2
gs://dataset-creado-a-partir-de-imagenes/cris2/gymcris_021.jpeg,cris2
gs://dataset-creado-a-partir-de-imagenes/cris2/gymcris_471.jpeg,cris2
gs://dataset-creado-a-partir-de-imagenes/cris2/gymcris_164.jpeg,cris2
gs://dataset-creado-a-partir-de-imagenes/cris2/gymcris_534.jpeg,cris2
gs://dataset-creado-a-partir-de-imagenes/cris2/gymcris_867.jpeg,cris2
gs://dataset-creado-a-partir-de-imagenes/cris2/gymcris_1026.jpeg,cris2
gs://dataset-creado-a-partir-de-imagenes/cris2/gymcris_758.jpeg,cris2
gs://dataset-creado-a-partir-de-imagenes/cris2/gymcris_308.jpeg,cris2
gs://dataset-creado-a-partir-de-imagenes/cris2/gymcris_1163.jpeg,cris2
gs://dataset-creado-a-partir-de-imagenes/cris2/gymcris_959.jpeg,cris2
gs://dataset-creado-a-partir-de-imagenes/cris2/gymcris_723.jpeg,cris2
gs://dataset-creado-a-partir-de-imagenes/cris2/gymcris_373.jpeg,cris2
gs://dataset-creado-a-partir-de-imagenes/cris2/gymcris_1118.jpeg,cris2
gs://dataset-creado-a-partir-de-imagenes/cris2/gymcris_689.jpeg,cris2
gs://dataset-creado-a-partir-de-imagenes/cris2/gymcris_666.jpeg,cris2
gs://dataset-creado-a-partir-de-imagenes/cris2/gymcris_236.jpeg,cris2
gs://dataset-creado-a-partir-de-imagenes/cris2/gymcris_518.jpeg,cris2
gs://dataset-creado-a-partir-de-imagenes/cris2/gymcris_148.jpeg,cris2
gs://dataset-creado-a-partir-de-imagenes/cris2/gymcris_324.jpeg,cris2
gs://dataset-creado-a-partir-de-imagenes/cris2/gymcris_774.jpeg,cris2
gs://dataset-creado-a-partir-de-imagenes/cris2/gymcris_261.jpeg,cris2
gs://dataset-creado-a-partir-de-imagenes/cris2/gymcris_631.jpeg,cris2
gs://dataset-creado-a-partir-de-imagenes/cris2/gymcris_918.jpeg,cris2
gs://dataset-creado-a-partir-de-imagenes/cris2/gymcris_762.jpeg,cris2
gs://dataset-creado-a-partir-de-imagenes/cris2/gymcris_298.jpeg,cris2
gs://dataset-creado-a-partir-de-imagenes/cris2/gymcris_1159.jpeg,cris2
gs://dataset-creado-a-partir-de-imagenes/cris2/gymcris_332.jpeg,cris2
gs://dataset-creado-a-partir-de-imagenes/cris2/gymcris_627.jpeg,cris2
gs://dataset-creado-a-partir-de-imagenes/cris2/gymcris_277.jpeg,cris2
gs://dataset-creado-a-partir-de-imagenes/cris2/gymcris_559.jpeg,cris2
gs://dataset-creado-a-partir-de-imagenes/cris2/gymcris_109.jpeg,cris2
gs://dataset-creado-a-partir-de-imagenes/cris2/gymcris_365.jpeg,cris2
gs://dataset-creado-a-partir-de-imagenes/cris2/gymcris_735.jpeg,cris2
gs://dataset-creado-a-partir-de-imagenes/cris2/gymcris_220.jpeg,cris2
gs://dataset-creado-a-partir-de-imagenes/cris2/gymcris_670.jpeg,cris2
gs://dataset-creado-a-partir-de-imagenes/cris2/gymcris_1196.jpeg,cris2
gs://dataset-creado-a-partir-de-imagenes/cris2/gymcris_607.jpeg,cris2
gs://dataset-creado-a-partir-de-imagenes/cris2/gymcris_257.jpeg,cris2
gs://dataset-creado-a-partir-de-imagenes/cris2/gymcris_742.jpeg,cris2
gs://dataset-creado-a-partir-de-imagenes/cris2/gymcris_1179.jpeg,cris2
gs://dataset-creado-a-partir-de-imagenes/cris2/gymcris_312.jpeg,cris2
gs://dataset-creado-a-partir-de-imagenes/cris2/gymcris_938.jpeg,cris2
gs://dataset-creado-a-partir-de-imagenes/cris2/gymcris_892.jpeg,cris2
gs://dataset-creado-a-partir-de-imagenes/cris2/gymcris_191.jpeg,cris2
gs://dataset-creado-a-partir-de-imagenes/cris2/gymcris_484.jpeg,cris2
gs://dataset-creado-a-partir-de-imagenes/cris2/gymcris_200.jpeg,cris2
gs://dataset-creado-a-partir-de-imagenes/cris2/gymcris_650.jpeg,cris2
gs://dataset-creado-a-partir-de-imagenes/cris2/gymcris_345.jpeg,cris2
gs://dataset-creado-a-partir-de-imagenes/cris2/gymcris_1084.jpeg,cris2
gs://dataset-creado-a-partir-de-imagenes/cris2/gymcris_715.jpeg,cris2
gs://dataset-creado-a-partir-de-imagenes/cris2/gymcris_596.jpeg,cris2
gs://dataset-creado-a-partir-de-imagenes/cris2/gymcris_980.jpeg,cris2
gs://dataset-creado-a-partir-de-imagenes/cris2/gymcris_579.jpeg,cris2
gs://dataset-creado-a-partir-de-imagenes/cris2/gymcris_083.jpeg,cris2
gs://dataset-creado-a-partir-de-imagenes/cris2/gymcris_129.jpeg,cris2
gs://dataset-creado-a-partir-de-imagenes/cris2/gymcris_646.jpeg,cris2
gs://dataset-creado-a-partir-de-imagenes/cris2/gymcris_216.jpeg,cris2
gs://dataset-creado-a-partir-de-imagenes/cris2/gymcris_703.jpeg,cris2
gs://dataset-creado-a-partir-de-imagenes/cris2/gymcris_1092.jpeg,cris2
gs://dataset-creado-a-partir-de-imagenes/cris2/gymcris_353.jpeg,cris2
gs://dataset-creado-a-partir-de-imagenes/cris2/gymcris_1138.jpeg,cris2
gs://dataset-creado-a-partir-de-imagenes/cris2/gymcris_979.jpeg,cris2
gs://dataset-creado-a-partir-de-imagenes/cris2/gymcris_580.jpeg,cris2
gs://dataset-creado-a-partir-de-imagenes/cris2/gymcris_095.jpeg,cris2
gs://dataset-creado-a-partir-de-imagenes/cris2/gymcris_996.jpeg,cris2
gs://dataset-creado-a-partir-de-imagenes/cris2/gymcris_241.jpeg,cris2
gs://dataset-creado-a-partir-de-imagenes/cris2/gymcris_611.jpeg,cris2
gs://dataset-creado-a-partir-de-imagenes/cris2/gymcris_1180.jpeg,cris2
gs://dataset-creado-a-partir-de-imagenes/cris2/gymcris_304.jpeg,cris2
gs://dataset-creado-a-partir-de-imagenes/cris2/gymcris_754.jpeg,cris2
gs://dataset-creado-a-partir-de-imagenes/cris2/gymcris_187.jpeg,cris2
gs://dataset-creado-a-partir-de-imagenes/cris2/gymcris_884.jpeg,cris2
gs://dataset-creado-a-partir-de-imagenes/cris2/gymcris_538.jpeg,cris2
gs://dataset-creado-a-partir-de-imagenes/cris2/gymcris_168.jpeg,cris2
gs://dataset-creado-a-partir-de-imagenes/cris2/gymcris_492.jpeg,cris2
gs://dataset-creado-a-partir-de-imagenes/cris2/gymcris_685.jpeg,cris2
gs://dataset-creado-a-partir-de-imagenes/cris2/gymcris_1114.jpeg,cris2
gs://dataset-creado-a-partir-de-imagenes/cris2/gymcris_1051.jpeg,cris2
gs://dataset-creado-a-partir-de-imagenes/cris2/gymcris_390.jpeg,cris2
gs://dataset-creado-a-partir-de-imagenes/cris2/gymcris_810.jpeg,cris2
gs://dataset-creado-a-partir-de-imagenes/cris2/gymcris_543.jpeg,cris2
gs://dataset-creado-a-partir-de-imagenes/cris2/gymcris_113.jpeg,cris2
gs://dataset-creado-a-partir-de-imagenes/cris2/gymcris_406.jpeg,cris2
gs://dataset-creado-a-partir-de-imagenes/cris2/gymcris_056.jpeg,cris2
gs://dataset-creado-a-partir-de-imagenes/cris2/gymcris_955.jpeg,cris2
gs://dataset-creado-a-partir-de-imagenes/cris2/gymcris_778.jpeg,cris2
gs://dataset-creado-a-partir-de-imagenes/cris2/gymcris_282.jpeg,cris2
gs://dataset-creado-a-partir-de-imagenes/cris2/gymcris_328.jpeg,cris2
gs://dataset-creado-a-partir-de-imagenes/cris2/gymcris_1143.jpeg,cris2
gs://dataset-creado-a-partir-de-imagenes/cris2/gymcris_797.jpeg,cris2
gs://dataset-creado-a-partir-de-imagenes/cris2/gymcris_1006.jpeg,cris2
gs://dataset-creado-a-partir-de-imagenes/cris2/gymcris_144.jpeg,cris2
gs://dataset-creado-a-partir-de-imagenes/cris2/gymcris_514.jpeg,cris2
gs://dataset-creado-a-partir-de-imagenes/cris2/gymcris_847.jpeg,cris2
gs://dataset-creado-a-partir-de-imagenes/cris2/gymcris_902.jpeg,cris2
gs://dataset-creado-a-partir-de-imagenes/cris2/gymcris_001.jpeg,cris2
gs://dataset-creado-a-partir-de-imagenes/cris2/gymcris_451.jpeg,cris2
gs://dataset-creado-a-partir-de-imagenes/cris2/gymcris_1155.jpeg,cris2
gs://dataset-creado-a-partir-de-imagenes/cris2/gymcris_294.jpeg,cris2
gs://dataset-creado-a-partir-de-imagenes/cris2/gymcris_1010.jpeg,cris2
gs://dataset-creado-a-partir-de-imagenes/cris2/gymcris_781.jpeg,cris2
gs://dataset-creado-a-partir-de-imagenes/cris2/gymcris_851.jpeg,cris2
gs://dataset-creado-a-partir-de-imagenes/cris2/gymcris_502.jpeg,cris2
gs://dataset-creado-a-partir-de-imagenes/cris2/gymcris_152.jpeg,cris2
gs://dataset-creado-a-partir-de-imagenes/cris2/gymcris_447.jpeg,cris2
gs://dataset-creado-a-partir-de-imagenes/cris2/gymcris_017.jpeg,cris2
gs://dataset-creado-a-partir-de-imagenes/cris2/gymcris_914.jpeg,cris2
gs://dataset-creado-a-partir-de-imagenes/cris2/gymcris_739.jpeg,cris2
gs://dataset-creado-a-partir-de-imagenes/cris2/gymcris_1102.jpeg,cris2
gs://dataset-creado-a-partir-de-imagenes/cris2/gymcris_369.jpeg,cris2
gs://dataset-creado-a-partir-de-imagenes/cris2/gymcris_693.jpeg,cris2
gs://dataset-creado-a-partir-de-imagenes/cris2/gymcris_386.jpeg,cris2
gs://dataset-creado-a-partir-de-imagenes/cris2/gymcris_1047.jpeg,cris2
gs://dataset-creado-a-partir-de-imagenes/cris2/gymcris_105.jpeg,cris2
gs://dataset-creado-a-partir-de-imagenes/cris2/gymcris_555.jpeg,cris2
gs://dataset-creado-a-partir-de-imagenes/cris2/gymcris_806.jpeg,cris2
gs://dataset-creado-a-partir-de-imagenes/cris2/gymcris_943.jpeg,cris2
gs://dataset-creado-a-partir-de-imagenes/cris2/gymcris_040.jpeg,cris2
gs://dataset-creado-a-partir-de-imagenes/cris2/gymcris_410.jpeg,cris2
gs://dataset-creado-a-partir-de-imagenes/cris2/gymcris_104.jpeg,cris2
gs://dataset-creado-a-partir-de-imagenes/cris2/gymcris_554.jpeg,cris2
gs://dataset-creado-a-partir-de-imagenes/cris2/gymcris_807.jpeg,cris2
gs://dataset-creado-a-partir-de-imagenes/cris2/gymcris_942.jpeg,cris2
gs://dataset-creado-a-partir-de-imagenes/cris2/gymcris_041.jpeg,cris2
gs://dataset-creado-a-partir-de-imagenes/cris2/gymcris_411.jpeg,cris2
gs://dataset-creado-a-partir-de-imagenes/cris2/gymcris_738.jpeg,cris2
gs://dataset-creado-a-partir-de-imagenes/cris2/gymcris_1103.jpeg,cris2
gs://dataset-creado-a-partir-de-imagenes/cris2/gymcris_368.jpeg,cris2
gs://dataset-creado-a-partir-de-imagenes/cris2/gymcris_692.jpeg,cris2
gs://dataset-creado-a-partir-de-imagenes/cris2/gymcris_387.jpeg,cris2
gs://dataset-creado-a-partir-de-imagenes/cris2/gymcris_1046.jpeg,cris2
gs://dataset-creado-a-partir-de-imagenes/cris2/gymcris_850.jpeg,cris2
gs://dataset-creado-a-partir-de-imagenes/cris2/gymcris_503.jpeg,cris2
gs://dataset-creado-a-partir-de-imagenes/cris2/gymcris_153.jpeg,cris2
gs://dataset-creado-a-partir-de-imagenes/cris2/gymcris_446.jpeg,cris2
gs://dataset-creado-a-partir-de-imagenes/cris2/gymcris_016.jpeg,cris2
gs://dataset-creado-a-partir-de-imagenes/cris2/gymcris_915.jpeg,cris2
gs://dataset-creado-a-partir-de-imagenes/cris2/gymcris_1154.jpeg,cris2
gs://dataset-creado-a-partir-de-imagenes/cris2/gymcris_295.jpeg,cris2
gs://dataset-creado-a-partir-de-imagenes/cris2/gymcris_1011.jpeg,cris2
gs://dataset-creado-a-partir-de-imagenes/cris2/gymcris_780.jpeg,cris2
gs://dataset-creado-a-partir-de-imagenes/cris2/gymcris_145.jpeg,cris2
gs://dataset-creado-a-partir-de-imagenes/cris2/gymcris_515.jpeg,cris2
gs://dataset-creado-a-partir-de-imagenes/cris2/gymcris_846.jpeg,cris2
gs://dataset-creado-a-partir-de-imagenes/cris2/gymcris_903.jpeg,cris2
gs://dataset-creado-a-partir-de-imagenes/cris2/gymcris_450.jpeg,cris2
gs://dataset-creado-a-partir-de-imagenes/cris2/gymcris_779.jpeg,cris2
gs://dataset-creado-a-partir-de-imagenes/cris2/gymcris_283.jpeg,cris2
gs://dataset-creado-a-partir-de-imagenes/cris2/gymcris_329.jpeg,cris2
gs://dataset-creado-a-partir-de-imagenes/cris2/gymcris_1142.jpeg,cris2
gs://dataset-creado-a-partir-de-imagenes/cris2/gymcris_796.jpeg,cris2
gs://dataset-creado-a-partir-de-imagenes/cris2/gymcris_1007.jpeg,cris2
gs://dataset-creado-a-partir-de-imagenes/cris2/gymcris_811.jpeg,cris2
gs://dataset-creado-a-partir-de-imagenes/cris2/gymcris_542.jpeg,cris2
gs://dataset-creado-a-partir-de-imagenes/cris2/gymcris_112.jpeg,cris2
gs://dataset-creado-a-partir-de-imagenes/cris2/gymcris_407.jpeg,cris2
gs://dataset-creado-a-partir-de-imagenes/cris2/gymcris_057.jpeg,cris2
gs://dataset-creado-a-partir-de-imagenes/cris2/gymcris_954.jpeg,cris2
gs://dataset-creado-a-partir-de-imagenes/cris2/gymcris_684.jpeg,cris2
gs://dataset-creado-a-partir-de-imagenes/cris2/gymcris_1115.jpeg,cris2
gs://dataset-creado-a-partir-de-imagenes/cris2/gymcris_1050.jpeg,cris2
gs://dataset-creado-a-partir-de-imagenes/cris2/gymcris_391.jpeg,cris2
gs://dataset-creado-a-partir-de-imagenes/cris2/gymcris_186.jpeg,cris2
gs://dataset-creado-a-partir-de-imagenes/cris2/gymcris_885.jpeg,cris2
gs://dataset-creado-a-partir-de-imagenes/cris2/gymcris_539.jpeg,cris2
gs://dataset-creado-a-partir-de-imagenes/cris2/gymcris_169.jpeg,cris2
gs://dataset-creado-a-partir-de-imagenes/cris2/gymcris_493.jpeg,cris2
gs://dataset-creado-a-partir-de-imagenes/cris2/gymcris_240.jpeg,cris2
gs://dataset-creado-a-partir-de-imagenes/cris2/gymcris_610.jpeg,cris2
gs://dataset-creado-a-partir-de-imagenes/cris2/gymcris_1181.jpeg,cris2
gs://dataset-creado-a-partir-de-imagenes/cris2/gymcris_305.jpeg,cris2
gs://dataset-creado-a-partir-de-imagenes/cris2/gymcris_755.jpeg,cris2
gs://dataset-creado-a-partir-de-imagenes/cris2/gymcris_978.jpeg,cris2
gs://dataset-creado-a-partir-de-imagenes/cris2/gymcris_581.jpeg,cris2
gs://dataset-creado-a-partir-de-imagenes/cris2/gymcris_094.jpeg,cris2
gs://dataset-creado-a-partir-de-imagenes/cris2/gymcris_997.jpeg,cris2
gs://dataset-creado-a-partir-de-imagenes/cris2/gymcris_647.jpeg,cris2
gs://dataset-creado-a-partir-de-imagenes/cris2/gymcris_217.jpeg,cris2
gs://dataset-creado-a-partir-de-imagenes/cris2/gymcris_702.jpeg,cris2
gs://dataset-creado-a-partir-de-imagenes/cris2/gymcris_1093.jpeg,cris2
gs://dataset-creado-a-partir-de-imagenes/cris2/gymcris_352.jpeg,cris2
gs://dataset-creado-a-partir-de-imagenes/cris2/gymcris_1139.jpeg,cris2
gs://dataset-creado-a-partir-de-imagenes/cris2/gymcris_597.jpeg,cris2
gs://dataset-creado-a-partir-de-imagenes/cris2/gymcris_981.jpeg,cris2
gs://dataset-creado-a-partir-de-imagenes/cris2/gymcris_578.jpeg,cris2
gs://dataset-creado-a-partir-de-imagenes/cris2/gymcris_082.jpeg,cris2
gs://dataset-creado-a-partir-de-imagenes/cris2/gymcris_128.jpeg,cris2
gs://dataset-creado-a-partir-de-imagenes/cris2/gymcris_201.jpeg,cris2
gs://dataset-creado-a-partir-de-imagenes/cris2/gymcris_651.jpeg,cris2
gs://dataset-creado-a-partir-de-imagenes/cris2/gymcris_344.jpeg,cris2
gs://dataset-creado-a-partir-de-imagenes/cris2/gymcris_1085.jpeg,cris2
gs://dataset-creado-a-partir-de-imagenes/cris2/gymcris_714.jpeg,cris2
gs://dataset-creado-a-partir-de-imagenes/cris2/gymcris_939.jpeg,cris2
gs://dataset-creado-a-partir-de-imagenes/cris2/gymcris_893.jpeg,cris2
gs://dataset-creado-a-partir-de-imagenes/cris2/gymcris_190.jpeg,cris2
gs://dataset-creado-a-partir-de-imagenes/cris2/gymcris_485.jpeg,cris2
gs://dataset-creado-a-partir-de-imagenes/cris2/gymcris_1197.jpeg,cris2
gs://dataset-creado-a-partir-de-imagenes/cris2/gymcris_606.jpeg,cris2
gs://dataset-creado-a-partir-de-imagenes/cris2/gymcris_256.jpeg,cris2
gs://dataset-creado-a-partir-de-imagenes/cris2/gymcris_743.jpeg,cris2
gs://dataset-creado-a-partir-de-imagenes/cris2/gymcris_1178.jpeg,cris2
gs://dataset-creado-a-partir-de-imagenes/cris2/gymcris_313.jpeg,cris2
gs://dataset-creado-a-partir-de-imagenes/cris2/gymcris_364.jpeg,cris2
gs://dataset-creado-a-partir-de-imagenes/cris2/gymcris_734.jpeg,cris2
gs://dataset-creado-a-partir-de-imagenes/cris2/gymcris_221.jpeg,cris2
gs://dataset-creado-a-partir-de-imagenes/cris2/gymcris_671.jpeg,cris2
gs://dataset-creado-a-partir-de-imagenes/cris2/gymcris_558.jpeg,cris2
gs://dataset-creado-a-partir-de-imagenes/cris2/gymcris_108.jpeg,cris2
gs://dataset-creado-a-partir-de-imagenes/cris2/gymcris_763.jpeg,cris2
gs://dataset-creado-a-partir-de-imagenes/cris2/gymcris_299.jpeg,cris2
gs://dataset-creado-a-partir-de-imagenes/cris2/gymcris_1158.jpeg,cris2
gs://dataset-creado-a-partir-de-imagenes/cris2/gymcris_333.jpeg,cris2
gs://dataset-creado-a-partir-de-imagenes/cris2/gymcris_626.jpeg,cris2
gs://dataset-creado-a-partir-de-imagenes/cris2/gymcris_276.jpeg,cris2
gs://dataset-creado-a-partir-de-imagenes/cris2/gymcris_919.jpeg,cris2
gs://dataset-creado-a-partir-de-imagenes/cris2/gymcris_325.jpeg,cris2
gs://dataset-creado-a-partir-de-imagenes/cris2/gymcris_775.jpeg,cris2
gs://dataset-creado-a-partir-de-imagenes/cris2/gymcris_260.jpeg,cris2
gs://dataset-creado-a-partir-de-imagenes/cris2/gymcris_630.jpeg,cris2
gs://dataset-creado-a-partir-de-imagenes/cris2/gymcris_519.jpeg,cris2
gs://dataset-creado-a-partir-de-imagenes/cris2/gymcris_149.jpeg,cris2
gs://dataset-creado-a-partir-de-imagenes/cris2/gymcris_722.jpeg,cris2
gs://dataset-creado-a-partir-de-imagenes/cris2/gymcris_372.jpeg,cris2
gs://dataset-creado-a-partir-de-imagenes/cris2/gymcris_1119.jpeg,cris2
gs://dataset-creado-a-partir-de-imagenes/cris2/gymcris_688.jpeg,cris2
gs://dataset-creado-a-partir-de-imagenes/cris2/gymcris_667.jpeg,cris2
gs://dataset-creado-a-partir-de-imagenes/cris2/gymcris_237.jpeg,cris2
gs://dataset-creado-a-partir-de-imagenes/cris2/gymcris_958.jpeg,cris2
gs://dataset-creado-a-partir-de-imagenes/cris2/gymcris_1027.jpeg,cris2
gs://dataset-creado-a-partir-de-imagenes/cris2/gymcris_759.jpeg,cris2
gs://dataset-creado-a-partir-de-imagenes/cris2/gymcris_309.jpeg,cris2
gs://dataset-creado-a-partir-de-imagenes/cris2/gymcris_1162.jpeg,cris2
gs://dataset-creado-a-partir-de-imagenes/cris2/gymcris_923.jpeg,cris2
gs://dataset-creado-a-partir-de-imagenes/cris2/gymcris_889.jpeg,cris2
gs://dataset-creado-a-partir-de-imagenes/cris2/gymcris_020.jpeg,cris2
gs://dataset-creado-a-partir-de-imagenes/cris2/gymcris_470.jpeg,cris2
gs://dataset-creado-a-partir-de-imagenes/cris2/gymcris_165.jpeg,cris2
gs://dataset-creado-a-partir-de-imagenes/cris2/gymcris_535.jpeg,cris2
gs://dataset-creado-a-partir-de-imagenes/cris2/gymcris_866.jpeg,cris2
gs://dataset-creado-a-partir-de-imagenes/cris2/gymcris_1070.jpeg,cris2
gs://dataset-creado-a-partir-de-imagenes/cris2/gymcris_1135.jpeg,cris2
gs://dataset-creado-a-partir-de-imagenes/cris2/gymcris_427.jpeg,cris2
gs://dataset-creado-a-partir-de-imagenes/cris2/gymcris_077.jpeg,cris2
gs://dataset-creado-a-partir-de-imagenes/cris2/gymcris_974.jpeg,cris2
gs://dataset-creado-a-partir-de-imagenes/cris2/gymcris_831.jpeg,cris2
gs://dataset-creado-a-partir-de-imagenes/cris2/gymcris_562.jpeg,cris2
gs://dataset-creado-a-partir-de-imagenes/cris2/gymcris_098.jpeg,cris2
gs://dataset-creado-a-partir-de-imagenes/cris2/gymcris_132.jpeg,cris2
gs://dataset-creado-a-partir-de-imagenes/cris2/gymcris_1066.jpeg,cris2
gs://dataset-creado-a-partir-de-imagenes/cris2/gymcris_718.jpeg,cris2
gs://dataset-creado-a-partir-de-imagenes/cris2/gymcris_1089.jpeg,cris2
gs://dataset-creado-a-partir-de-imagenes/cris2/gymcris_1123.jpeg,cris2
gs://dataset-creado-a-partir-de-imagenes/cris2/gymcris_348.jpeg,cris2
gs://dataset-creado-a-partir-de-imagenes/cris2/gymcris_962.jpeg,cris2
gs://dataset-creado-a-partir-de-imagenes/cris2/gymcris_061.jpeg,cris2
gs://dataset-creado-a-partir-de-imagenes/cris2/gymcris_431.jpeg,cris2
gs://dataset-creado-a-partir-de-imagenes/cris2/gymcris_124.jpeg,cris2
gs://dataset-creado-a-partir-de-imagenes/cris2/gymcris_574.jpeg,cris2
gs://dataset-creado-a-partir-de-imagenes/cris2/gymcris_827.jpeg,cris2
gs://dataset-creado-a-partir-de-imagenes/cris2/gymcris_1031.jpeg,cris2
gs://dataset-creado-a-partir-de-imagenes/cris2/gymcris_1174.jpeg,cris2
gs://dataset-creado-a-partir-de-imagenes/cris2/gymcris_466.jpeg,cris2
gs://dataset-creado-a-partir-de-imagenes/cris2/gymcris_036.jpeg,cris2
gs://dataset-creado-a-partir-de-imagenes/cris2/gymcris_935.jpeg,cris2
gs://dataset-creado-a-partir-de-imagenes/cris2/gymcris_870.jpeg,cris2
gs://dataset-creado-a-partir-de-imagenes/cris2/gymcris_523.jpeg,cris2
gs://dataset-creado-a-partir-de-imagenes/cris2/gymcris_173.jpeg,cris2
gs://dataset-creado-a-partir-de-imagenes/cris2/gymcris_489.jpeg,cris2
gs://dataset-creado-a-partir-de-imagenes/cris2/gymcris_601.jpeg,cris2
gs://dataset-creado-a-partir-de-imagenes/cris2/gymcris_1190.jpeg,cris2
gs://dataset-creado-a-partir-de-imagenes/cris2/gymcris_251.jpeg,cris2
gs://dataset-creado-a-partir-de-imagenes/cris2/gymcris_744.jpeg,cris2
gs://dataset-creado-a-partir-de-imagenes/cris2/gymcris_314.jpeg,cris2
gs://dataset-creado-a-partir-de-imagenes/cris2/gymcris_197.jpeg,cris2
gs://dataset-creado-a-partir-de-imagenes/cris2/gymcris_894.jpeg,cris2
gs://dataset-creado-a-partir-de-imagenes/cris2/gymcris_178.jpeg,cris2
gs://dataset-creado-a-partir-de-imagenes/cris2/gymcris_482.jpeg,cris2
gs://dataset-creado-a-partir-de-imagenes/cris2/gymcris_528.jpeg,cris2
gs://dataset-creado-a-partir-de-imagenes/cris2/gymcris_206.jpeg,cris2
gs://dataset-creado-a-partir-de-imagenes/cris2/gymcris_656.jpeg,cris2
gs://dataset-creado-a-partir-de-imagenes/cris2/gymcris_1128.jpeg,cris2
gs://dataset-creado-a-partir-de-imagenes/cris2/gymcris_343.jpeg,cris2
gs://dataset-creado-a-partir-de-imagenes/cris2/gymcris_713.jpeg,cris2
gs://dataset-creado-a-partir-de-imagenes/cris2/gymcris_1082.jpeg,cris2
gs://dataset-creado-a-partir-de-imagenes/cris2/gymcris_969.jpeg,cris2
gs://dataset-creado-a-partir-de-imagenes/cris2/gymcris_590.jpeg,cris2
gs://dataset-creado-a-partir-de-imagenes/cris2/gymcris_085.jpeg,cris2
gs://dataset-creado-a-partir-de-imagenes/cris2/gymcris_986.jpeg,cris2
gs://dataset-creado-a-partir-de-imagenes/cris2/gymcris_640.jpeg,cris2
gs://dataset-creado-a-partir-de-imagenes/cris2/gymcris_210.jpeg,cris2
gs://dataset-creado-a-partir-de-imagenes/cris2/gymcris_1094.jpeg,cris2
gs://dataset-creado-a-partir-de-imagenes/cris2/gymcris_705.jpeg,cris2
gs://dataset-creado-a-partir-de-imagenes/cris2/gymcris_355.jpeg,cris2
gs://dataset-creado-a-partir-de-imagenes/cris2/gymcris_586.jpeg,cris2
gs://dataset-creado-a-partir-de-imagenes/cris2/gymcris_990.jpeg,cris2
gs://dataset-creado-a-partir-de-imagenes/cris2/gymcris_139.jpeg,cris2
gs://dataset-creado-a-partir-de-imagenes/cris2/gymcris_569.jpeg,cris2
gs://dataset-creado-a-partir-de-imagenes/cris2/gymcris_093.jpeg,cris2
gs://dataset-creado-a-partir-de-imagenes/cris2/gymcris_247.jpeg,cris2
gs://dataset-creado-a-partir-de-imagenes/cris2/gymcris_1186.jpeg,cris2
gs://dataset-creado-a-partir-de-imagenes/cris2/gymcris_617.jpeg,cris2
gs://dataset-creado-a-partir-de-imagenes/cris2/gymcris_302.jpeg,cris2
gs://dataset-creado-a-partir-de-imagenes/cris2/gymcris_1169.jpeg,cris2
gs://dataset-creado-a-partir-de-imagenes/cris2/gymcris_752.jpeg,cris2
gs://dataset-creado-a-partir-de-imagenes/cris2/gymcris_882.jpeg,cris2
gs://dataset-creado-a-partir-de-imagenes/cris2/gymcris_928.jpeg,cris2
gs://dataset-creado-a-partir-de-imagenes/cris2/gymcris_181.jpeg,cris2
gs://dataset-creado-a-partir-de-imagenes/cris2/gymcris_494.jpeg,cris2
gs://dataset-creado-a-partir-de-imagenes/cris2/gymcris_379.jpeg,cris2
gs://dataset-creado-a-partir-de-imagenes/cris2/gymcris_1112.jpeg,cris2
gs://dataset-creado-a-partir-de-imagenes/cris2/gymcris_683.jpeg,cris2
gs://dataset-creado-a-partir-de-imagenes/cris2/gymcris_729.jpeg,cris2
gs://dataset-creado-a-partir-de-imagenes/cris2/gymcris_1057.jpeg,cris2
gs://dataset-creado-a-partir-de-imagenes/cris2/gymcris_396.jpeg,cris2
gs://dataset-creado-a-partir-de-imagenes/cris2/gymcris_545.jpeg,cris2
gs://dataset-creado-a-partir-de-imagenes/cris2/gymcris_115.jpeg,cris2
gs://dataset-creado-a-partir-de-imagenes/cris2/gymcris_816.jpeg,cris2
gs://dataset-creado-a-partir-de-imagenes/cris2/gymcris_953.jpeg,cris2
gs://dataset-creado-a-partir-de-imagenes/cris2/gymcris_400.jpeg,cris2
gs://dataset-creado-a-partir-de-imagenes/cris2/gymcris_050.jpeg,cris2
gs://dataset-creado-a-partir-de-imagenes/cris2/gymcris_284.jpeg,cris2
gs://dataset-creado-a-partir-de-imagenes/cris2/gymcris_1145.jpeg,cris2
gs://dataset-creado-a-partir-de-imagenes/cris2/gymcris_1000.jpeg,cris2
gs://dataset-creado-a-partir-de-imagenes/cris2/gymcris_791.jpeg,cris2
gs://dataset-creado-a-partir-de-imagenes/cris2/gymcris_841.jpeg,cris2
gs://dataset-creado-a-partir-de-imagenes/cris2/gymcris_142.jpeg,cris2
gs://dataset-creado-a-partir-de-imagenes/cris2/gymcris_512.jpeg,cris2
gs://dataset-creado-a-partir-de-imagenes/cris2/gymcris_007.jpeg,cris2
gs://dataset-creado-a-partir-de-imagenes/cris2/gymcris_457.jpeg,cris2
gs://dataset-creado-a-partir-de-imagenes/cris2/gymcris_904.jpeg,cris2
gs://dataset-creado-a-partir-de-imagenes/cris2/gymcris_1153.jpeg,cris2
gs://dataset-creado-a-partir-de-imagenes/cris2/gymcris_338.jpeg,cris2
gs://dataset-creado-a-partir-de-imagenes/cris2/gymcris_768.jpeg,cris2
gs://dataset-creado-a-partir-de-imagenes/cris2/gymcris_292.jpeg,cris2
gs://dataset-creado-a-partir-de-imagenes/cris2/gymcris_787.jpeg,cris2
gs://dataset-creado-a-partir-de-imagenes/cris2/gymcris_1016.jpeg,cris2
gs://dataset-creado-a-partir-de-imagenes/cris2/gymcris_504.jpeg,cris2
gs://dataset-creado-a-partir-de-imagenes/cris2/gymcris_154.jpeg,cris2
gs://dataset-creado-a-partir-de-imagenes/cris2/gymcris_857.jpeg,cris2
gs://dataset-creado-a-partir-de-imagenes/cris2/gymcris_912.jpeg,cris2
gs://dataset-creado-a-partir-de-imagenes/cris2/gymcris_441.jpeg,cris2
gs://dataset-creado-a-partir-de-imagenes/cris2/gymcris_011.jpeg,cris2
gs://dataset-creado-a-partir-de-imagenes/cris2/gymcris_695.jpeg,cris2
gs://dataset-creado-a-partir-de-imagenes/cris2/gymcris_1104.jpeg,cris2
gs://dataset-creado-a-partir-de-imagenes/cris2/gymcris_380.jpeg,cris2
gs://dataset-creado-a-partir-de-imagenes/cris2/gymcris_1041.jpeg,cris2
gs://dataset-creado-a-partir-de-imagenes/cris2/gymcris_800.jpeg,cris2
gs://dataset-creado-a-partir-de-imagenes/cris2/gymcris_103.jpeg,cris2
gs://dataset-creado-a-partir-de-imagenes/cris2/gymcris_553.jpeg,cris2
gs://dataset-creado-a-partir-de-imagenes/cris2/gymcris_046.jpeg,cris2
gs://dataset-creado-a-partir-de-imagenes/cris2/gymcris_416.jpeg,cris2
gs://dataset-creado-a-partir-de-imagenes/cris2/gymcris_945.jpeg,cris2
gs://dataset-creado-a-partir-de-imagenes/cris2/gymcris_898.jpeg,cris2
gs://dataset-creado-a-partir-de-imagenes/cris2/gymcris_932.jpeg,cris2
gs://dataset-creado-a-partir-de-imagenes/cris2/gymcris_461.jpeg,cris2
gs://dataset-creado-a-partir-de-imagenes/cris2/gymcris_031.jpeg,cris2
gs://dataset-creado-a-partir-de-imagenes/cris2/gymcris_524.jpeg,cris2
gs://dataset-creado-a-partir-de-imagenes/cris2/gymcris_174.jpeg,cris2
gs://dataset-creado-a-partir-de-imagenes/cris2/gymcris_877.jpeg,cris2
gs://dataset-creado-a-partir-de-imagenes/cris2/gymcris_1036.jpeg,cris2
gs://dataset-creado-a-partir-de-imagenes/cris2/gymcris_1173.jpeg,cris2
gs://dataset-creado-a-partir-de-imagenes/cris2/gymcris_318.jpeg,cris2
gs://dataset-creado-a-partir-de-imagenes/cris2/gymcris_748.jpeg,cris2
gs://dataset-creado-a-partir-de-imagenes/cris2/gymcris_066.jpeg,cris2
gs://dataset-creado-a-partir-de-imagenes/cris2/gymcris_436.jpeg,cris2
gs://dataset-creado-a-partir-de-imagenes/cris2/gymcris_965.jpeg,cris2
gs://dataset-creado-a-partir-de-imagenes/cris2/gymcris_820.jpeg,cris2
gs://dataset-creado-a-partir-de-imagenes/cris2/gymcris_123.jpeg,cris2
gs://dataset-creado-a-partir-de-imagenes/cris2/gymcris_573.jpeg,cris2
gs://dataset-creado-a-partir-de-imagenes/cris2/gymcris_089.jpeg,cris2
gs://dataset-creado-a-partir-de-imagenes/cris2/gymcris_1061.jpeg,cris2
gs://dataset-creado-a-partir-de-imagenes/cris2/gymcris_1124.jpeg,cris2
gs://dataset-creado-a-partir-de-imagenes/cris2/gymcris_973.jpeg,cris2
gs://dataset-creado-a-partir-de-imagenes/cris2/gymcris_420.jpeg,cris2
gs://dataset-creado-a-partir-de-imagenes/cris2/gymcris_070.jpeg,cris2
gs://dataset-creado-a-partir-de-imagenes/cris2/gymcris_565.jpeg,cris2
gs://dataset-creado-a-partir-de-imagenes/cris2/gymcris_135.jpeg,cris2
gs://dataset-creado-a-partir-de-imagenes/cris2/gymcris_836.jpeg,cris2
gs://dataset-creado-a-partir-de-imagenes/cris2/gymcris_1077.jpeg,cris2
gs://dataset-creado-a-partir-de-imagenes/cris2/gymcris_359.jpeg,cris2
gs://dataset-creado-a-partir-de-imagenes/cris2/gymcris_1132.jpeg,cris2
gs://dataset-creado-a-partir-de-imagenes/cris2/gymcris_709.jpeg,cris2
gs://dataset-creado-a-partir-de-imagenes/cris2/gymcris_1098.jpeg,cris2
gs://dataset-creado-a-partir-de-imagenes/cris2/gymcris_027.jpeg,cris2
gs://dataset-creado-a-partir-de-imagenes/cris2/gymcris_477.jpeg,cris2
gs://dataset-creado-a-partir-de-imagenes/cris2/gymcris_924.jpeg,cris2
gs://dataset-creado-a-partir-de-imagenes/cris2/gymcris_861.jpeg,cris2
gs://dataset-creado-a-partir-de-imagenes/cris2/gymcris_162.jpeg,cris2
gs://dataset-creado-a-partir-de-imagenes/cris2/gymcris_498.jpeg,cris2
gs://dataset-creado-a-partir-de-imagenes/cris2/gymcris_532.jpeg,cris2
gs://dataset-creado-a-partir-de-imagenes/cris2/gymcris_1020.jpeg,cris2
gs://dataset-creado-a-partir-de-imagenes/cris2/gymcris_1165.jpeg,cris2
gs://dataset-creado-a-partir-de-imagenes/cris2/gymcris_119.jpeg,cris2
gs://dataset-creado-a-partir-de-imagenes/cris2/gymcris_549.jpeg,cris2
gs://dataset-creado-a-partir-de-imagenes/cris2/gymcris_725.jpeg,cris2
gs://dataset-creado-a-partir-de-imagenes/cris2/gymcris_375.jpeg,cris2
gs://dataset-creado-a-partir-de-imagenes/cris2/gymcris_660.jpeg,cris2
gs://dataset-creado-a-partir-de-imagenes/cris2/gymcris_230.jpeg,cris2
gs://dataset-creado-a-partir-de-imagenes/cris2/gymcris_908.jpeg,cris2
gs://dataset-creado-a-partir-de-imagenes/cris2/gymcris_322.jpeg,cris2
gs://dataset-creado-a-partir-de-imagenes/cris2/gymcris_1149.jpeg,cris2
gs://dataset-creado-a-partir-de-imagenes/cris2/gymcris_772.jpeg,cris2
gs://dataset-creado-a-partir-de-imagenes/cris2/gymcris_288.jpeg,cris2
gs://dataset-creado-a-partir-de-imagenes/cris2/gymcris_267.jpeg,cris2
gs://dataset-creado-a-partir-de-imagenes/cris2/gymcris_637.jpeg,cris2
gs://dataset-creado-a-partir-de-imagenes/cris2/gymcris_158.jpeg,cris2
gs://dataset-creado-a-partir-de-imagenes/cris2/gymcris_508.jpeg,cris2
gs://dataset-creado-a-partir-de-imagenes/cris2/gymcris_764.jpeg,cris2
gs://dataset-creado-a-partir-de-imagenes/cris2/gymcris_334.jpeg,cris2
gs://dataset-creado-a-partir-de-imagenes/cris2/gymcris_621.jpeg,cris2
gs://dataset-creado-a-partir-de-imagenes/cris2/gymcris_271.jpeg,cris2
gs://dataset-creado-a-partir-de-imagenes/cris2/gymcris_949.jpeg,cris2
gs://dataset-creado-a-partir-de-imagenes/cris2/gymcris_1108.jpeg,cris2
gs://dataset-creado-a-partir-de-imagenes/cris2/gymcris_363.jpeg,cris2
gs://dataset-creado-a-partir-de-imagenes/cris2/gymcris_699.jpeg,cris2
gs://dataset-creado-a-partir-de-imagenes/cris2/gymcris_733.jpeg,cris2
gs://dataset-creado-a-partir-de-imagenes/cris2/gymcris_226.jpeg,cris2
gs://dataset-creado-a-partir-de-imagenes/cris2/gymcris_676.jpeg,cris2
gs://dataset-creado-a-partir-de-imagenes/cris2/gymcris_1109.jpeg,cris2
gs://dataset-creado-a-partir-de-imagenes/cris2/gymcris_362.jpeg,cris2
gs://dataset-creado-a-partir-de-imagenes/cris2/gymcris_698.jpeg,cris2
gs://dataset-creado-a-partir-de-imagenes/cris2/gymcris_732.jpeg,cris2
gs://dataset-creado-a-partir-de-imagenes/cris2/gymcris_227.jpeg,cris2
gs://dataset-creado-a-partir-de-imagenes/cris2/gymcris_677.jpeg,cris2
gs://dataset-creado-a-partir-de-imagenes/cris2/gymcris_948.jpeg,cris2
gs://dataset-creado-a-partir-de-imagenes/cris2/gymcris_765.jpeg,cris2
gs://dataset-creado-a-partir-de-imagenes/cris2/gymcris_335.jpeg,cris2
gs://dataset-creado-a-partir-de-imagenes/cris2/gymcris_620.jpeg,cris2
gs://dataset-creado-a-partir-de-imagenes/cris2/gymcris_270.jpeg,cris2
gs://dataset-creado-a-partir-de-imagenes/cris2/gymcris_159.jpeg,cris2
gs://dataset-creado-a-partir-de-imagenes/cris2/gymcris_509.jpeg,cris2
gs://dataset-creado-a-partir-de-imagenes/cris2/gymcris_323.jpeg,cris2
gs://dataset-creado-a-partir-de-imagenes/cris2/gymcris_1148.jpeg,cris2
gs://dataset-creado-a-partir-de-imagenes/cris2/gymcris_773.jpeg,cris2
gs://dataset-creado-a-partir-de-imagenes/cris2/gymcris_289.jpeg,cris2
gs://dataset-creado-a-partir-de-imagenes/cris2/gymcris_266.jpeg,cris2
gs://dataset-creado-a-partir-de-imagenes/cris2/gymcris_636.jpeg,cris2
gs://dataset-creado-a-partir-de-imagenes/cris2/gymcris_909.jpeg,cris2
gs://dataset-creado-a-partir-de-imagenes/cris2/gymcris_724.jpeg,cris2
gs://dataset-creado-a-partir-de-imagenes/cris2/gymcris_374.jpeg,cris2
gs://dataset-creado-a-partir-de-imagenes/cris2/gymcris_661.jpeg,cris2
gs://dataset-creado-a-partir-de-imagenes/cris2/gymcris_231.jpeg,cris2
gs://dataset-creado-a-partir-de-imagenes/cris2/gymcris_118.jpeg,cris2
gs://dataset-creado-a-partir-de-imagenes/cris2/gymcris_548.jpeg,cris2
gs://dataset-creado-a-partir-de-imagenes/cris2/gymcris_1021.jpeg,cris2
gs://dataset-creado-a-partir-de-imagenes/cris2/gymcris_1164.jpeg,cris2
gs://dataset-creado-a-partir-de-imagenes/cris2/gymcris_026.jpeg,cris2
gs://dataset-creado-a-partir-de-imagenes/cris2/gymcris_476.jpeg,cris2
gs://dataset-creado-a-partir-de-imagenes/cris2/gymcris_925.jpeg,cris2
gs://dataset-creado-a-partir-de-imagenes/cris2/gymcris_860.jpeg,cris2
gs://dataset-creado-a-partir-de-imagenes/cris2/gymcris_163.jpeg,cris2
gs://dataset-creado-a-partir-de-imagenes/cris2/gymcris_499.jpeg,cris2
gs://dataset-creado-a-partir-de-imagenes/cris2/gymcris_533.jpeg,cris2
gs://dataset-creado-a-partir-de-imagenes/cris2/gymcris_1076.jpeg,cris2
gs://dataset-creado-a-partir-de-imagenes/cris2/gymcris_358.jpeg,cris2
gs://dataset-creado-a-partir-de-imagenes/cris2/gymcris_1133.jpeg,cris2
gs://dataset-creado-a-partir-de-imagenes/cris2/gymcris_708.jpeg,cris2
gs://dataset-creado-a-partir-de-imagenes/cris2/gymcris_1099.jpeg,cris2
gs://dataset-creado-a-partir-de-imagenes/cris2/gymcris_972.jpeg,cris2
gs://dataset-creado-a-partir-de-imagenes/cris2/gymcris_421.jpeg,cris2
gs://dataset-creado-a-partir-de-imagenes/cris2/gymcris_071.jpeg,cris2
gs://dataset-creado-a-partir-de-imagenes/cris2/gymcris_564.jpeg,cris2
gs://dataset-creado-a-partir-de-imagenes/cris2/gymcris_134.jpeg,cris2
gs://dataset-creado-a-partir-de-imagenes/cris2/gymcris_837.jpeg,cris2
gs://dataset-creado-a-partir-de-imagenes/cris2/gymcris_1060.jpeg,cris2
gs://dataset-creado-a-partir-de-imagenes/cris2/gymcris_1125.jpeg,cris2
gs://dataset-creado-a-partir-de-imagenes/cris2/gymcris_067.jpeg,cris2
gs://dataset-creado-a-partir-de-imagenes/cris2/gymcris_437.jpeg,cris2
gs://dataset-creado-a-partir-de-imagenes/cris2/gymcris_964.jpeg,cris2
gs://dataset-creado-a-partir-de-imagenes/cris2/gymcris_821.jpeg,cris2
gs://dataset-creado-a-partir-de-imagenes/cris2/gymcris_122.jpeg,cris2
gs://dataset-creado-a-partir-de-imagenes/cris2/gymcris_572.jpeg,cris2
gs://dataset-creado-a-partir-de-imagenes/cris2/gymcris_088.jpeg,cris2
gs://dataset-creado-a-partir-de-imagenes/cris2/gymcris_1037.jpeg,cris2
gs://dataset-creado-a-partir-de-imagenes/cris2/gymcris_1172.jpeg,cris2
gs://dataset-creado-a-partir-de-imagenes/cris2/gymcris_319.jpeg,cris2
gs://dataset-creado-a-partir-de-imagenes/cris2/gymcris_749.jpeg,cris2
gs://dataset-creado-a-partir-de-imagenes/cris2/gymcris_899.jpeg,cris2
gs://dataset-creado-a-partir-de-imagenes/cris2/gymcris_933.jpeg,cris2
gs://dataset-creado-a-partir-de-imagenes/cris2/gymcris_460.jpeg,cris2
gs://dataset-creado-a-partir-de-imagenes/cris2/gymcris_030.jpeg,cris2
gs://dataset-creado-a-partir-de-imagenes/cris2/gymcris_525.jpeg,cris2
gs://dataset-creado-a-partir-de-imagenes/cris2/gymcris_175.jpeg,cris2
gs://dataset-creado-a-partir-de-imagenes/cris2/gymcris_876.jpeg,cris2
gs://dataset-creado-a-partir-de-imagenes/cris2/gymcris_801.jpeg,cris2
gs://dataset-creado-a-partir-de-imagenes/cris2/gymcris_102.jpeg,cris2
gs://dataset-creado-a-partir-de-imagenes/cris2/gymcris_552.jpeg,cris2
gs://dataset-creado-a-partir-de-imagenes/cris2/gymcris_047.jpeg,cris2
gs://dataset-creado-a-partir-de-imagenes/cris2/gymcris_417.jpeg,cris2
gs://dataset-creado-a-partir-de-imagenes/cris2/gymcris_944.jpeg,cris2
gs://dataset-creado-a-partir-de-imagenes/cris2/gymcris_694.jpeg,cris2
gs://dataset-creado-a-partir-de-imagenes/cris2/gymcris_1105.jpeg,cris2
gs://dataset-creado-a-partir-de-imagenes/cris2/gymcris_381.jpeg,cris2
gs://dataset-creado-a-partir-de-imagenes/cris2/gymcris_1040.jpeg,cris2
gs://dataset-creado-a-partir-de-imagenes/cris2/gymcris_505.jpeg,cris2
gs://dataset-creado-a-partir-de-imagenes/cris2/gymcris_155.jpeg,cris2
gs://dataset-creado-a-partir-de-imagenes/cris2/gymcris_856.jpeg,cris2
gs://dataset-creado-a-partir-de-imagenes/cris2/gymcris_913.jpeg,cris2
gs://dataset-creado-a-partir-de-imagenes/cris2/gymcris_440.jpeg,cris2
gs://dataset-creado-a-partir-de-imagenes/cris2/gymcris_010.jpeg,cris2
gs://dataset-creado-a-partir-de-imagenes/cris2/gymcris_1152.jpeg,cris2
gs://dataset-creado-a-partir-de-imagenes/cris2/gymcris_339.jpeg,cris2
gs://dataset-creado-a-partir-de-imagenes/cris2/gymcris_769.jpeg,cris2
gs://dataset-creado-a-partir-de-imagenes/cris2/gymcris_293.jpeg,cris2
gs://dataset-creado-a-partir-de-imagenes/cris2/gymcris_786.jpeg,cris2
gs://dataset-creado-a-partir-de-imagenes/cris2/gymcris_1017.jpeg,cris2
gs://dataset-creado-a-partir-de-imagenes/cris2/gymcris_840.jpeg,cris2
gs://dataset-creado-a-partir-de-imagenes/cris2/gymcris_143.jpeg,cris2
gs://dataset-creado-a-partir-de-imagenes/cris2/gymcris_513.jpeg,cris2
gs://dataset-creado-a-partir-de-imagenes/cris2/gymcris_006.jpeg,cris2
gs://dataset-creado-a-partir-de-imagenes/cris2/gymcris_456.jpeg,cris2
gs://dataset-creado-a-partir-de-imagenes/cris2/gymcris_905.jpeg,cris2
gs://dataset-creado-a-partir-de-imagenes/cris2/gymcris_285.jpeg,cris2
gs://dataset-creado-a-partir-de-imagenes/cris2/gymcris_1144.jpeg,cris2
gs://dataset-creado-a-partir-de-imagenes/cris2/gymcris_1001.jpeg,cris2
gs://dataset-creado-a-partir-de-imagenes/cris2/gymcris_790.jpeg,cris2
gs://dataset-creado-a-partir-de-imagenes/cris2/gymcris_544.jpeg,cris2
gs://dataset-creado-a-partir-de-imagenes/cris2/gymcris_114.jpeg,cris2
gs://dataset-creado-a-partir-de-imagenes/cris2/gymcris_817.jpeg,cris2
gs://dataset-creado-a-partir-de-imagenes/cris2/gymcris_952.jpeg,cris2
gs://dataset-creado-a-partir-de-imagenes/cris2/gymcris_401.jpeg,cris2
gs://dataset-creado-a-partir-de-imagenes/cris2/gymcris_051.jpeg,cris2
gs://dataset-creado-a-partir-de-imagenes/cris2/gymcris_378.jpeg,cris2
gs://dataset-creado-a-partir-de-imagenes/cris2/gymcris_1113.jpeg,cris2
gs://dataset-creado-a-partir-de-imagenes/cris2/gymcris_682.jpeg,cris2
gs://dataset-creado-a-partir-de-imagenes/cris2/gymcris_728.jpeg,cris2
gs://dataset-creado-a-partir-de-imagenes/cris2/gymcris_1056.jpeg,cris2
gs://dataset-creado-a-partir-de-imagenes/cris2/gymcris_397.jpeg,cris2
gs://dataset-creado-a-partir-de-imagenes/cris2/gymcris_883.jpeg,cris2
gs://dataset-creado-a-partir-de-imagenes/cris2/gymcris_929.jpeg,cris2
gs://dataset-creado-a-partir-de-imagenes/cris2/gymcris_180.jpeg,cris2
gs://dataset-creado-a-partir-de-imagenes/cris2/gymcris_495.jpeg,cris2
gs://dataset-creado-a-partir-de-imagenes/cris2/gymcris_246.jpeg,cris2
gs://dataset-creado-a-partir-de-imagenes/cris2/gymcris_1187.jpeg,cris2
gs://dataset-creado-a-partir-de-imagenes/cris2/gymcris_616.jpeg,cris2
gs://dataset-creado-a-partir-de-imagenes/cris2/gymcris_303.jpeg,cris2
gs://dataset-creado-a-partir-de-imagenes/cris2/gymcris_1168.jpeg,cris2
gs://dataset-creado-a-partir-de-imagenes/cris2/gymcris_753.jpeg,cris2
gs://dataset-creado-a-partir-de-imagenes/cris2/gymcris_587.jpeg,cris2
gs://dataset-creado-a-partir-de-imagenes/cris2/gymcris_991.jpeg,cris2
gs://dataset-creado-a-partir-de-imagenes/cris2/gymcris_138.jpeg,cris2
gs://dataset-creado-a-partir-de-imagenes/cris2/gymcris_568.jpeg,cris2
gs://dataset-creado-a-partir-de-imagenes/cris2/gymcris_092.jpeg,cris2
gs://dataset-creado-a-partir-de-imagenes/cris2/gymcris_641.jpeg,cris2
gs://dataset-creado-a-partir-de-imagenes/cris2/gymcris_211.jpeg,cris2
gs://dataset-creado-a-partir-de-imagenes/cris2/gymcris_1095.jpeg,cris2
gs://dataset-creado-a-partir-de-imagenes/cris2/gymcris_704.jpeg,cris2
gs://dataset-creado-a-partir-de-imagenes/cris2/gymcris_354.jpeg,cris2
gs://dataset-creado-a-partir-de-imagenes/cris2/gymcris_968.jpeg,cris2
gs://dataset-creado-a-partir-de-imagenes/cris2/gymcris_1200.jpeg,cris2
gs://dataset-creado-a-partir-de-imagenes/cris2/gymcris_591.jpeg,cris2
gs://dataset-creado-a-partir-de-imagenes/cris2/gymcris_084.jpeg,cris2
gs://dataset-creado-a-partir-de-imagenes/cris2/gymcris_987.jpeg,cris2
gs://dataset-creado-a-partir-de-imagenes/cris2/gymcris_207.jpeg,cris2
gs://dataset-creado-a-partir-de-imagenes/cris2/gymcris_657.jpeg,cris2
gs://dataset-creado-a-partir-de-imagenes/cris2/gymcris_1129.jpeg,cris2
gs://dataset-creado-a-partir-de-imagenes/cris2/gymcris_342.jpeg,cris2
gs://dataset-creado-a-partir-de-imagenes/cris2/gymcris_712.jpeg,cris2
gs://dataset-creado-a-partir-de-imagenes/cris2/gymcris_1083.jpeg,cris2
gs://dataset-creado-a-partir-de-imagenes/cris2/gymcris_196.jpeg,cris2
gs://dataset-creado-a-partir-de-imagenes/cris2/gymcris_895.jpeg,cris2
gs://dataset-creado-a-partir-de-imagenes/cris2/gymcris_179.jpeg,cris2
gs://dataset-creado-a-partir-de-imagenes/cris2/gymcris_483.jpeg,cris2
gs://dataset-creado-a-partir-de-imagenes/cris2/gymcris_529.jpeg,cris2
gs://dataset-creado-a-partir-de-imagenes/cris2/gymcris_600.jpeg,cris2
gs://dataset-creado-a-partir-de-imagenes/cris2/gymcris_1191.jpeg,cris2
gs://dataset-creado-a-partir-de-imagenes/cris2/gymcris_250.jpeg,cris2
gs://dataset-creado-a-partir-de-imagenes/cris2/gymcris_745.jpeg,cris2
gs://dataset-creado-a-partir-de-imagenes/cris2/gymcris_315.jpeg,cris2
